type,_id,dt,sensor,value
timeseries,59f307be1f0d6766995d08c0,2017-01-14T02:04:24.837Z,S0,51
timeseries,59f307be1f0d6766995d08c1,2017-01-15T02:04:24.837Z,S0,46
timeseries,59f307be1f0d6766995d08c2,2017-01-16T02:04:24.837Z,S0,49
timeseries,59f307be1f0d6766995d08c3,2017-01-17T02:04:24.837Z,S0,54
timeseries,59f307be1f0d6766995d08c4,2017-01-18T02:04:24.837Z,S0,59
timeseries,59f307be1f0d6766995d08c5,2017-01-19T02:04:24.837Z,S0,56
timeseries,59f307be1f0d6766995d08c6,2017-01-20T02:04:24.837Z,S0,54
timeseries,59f307be1f0d6766995d08c7,2017-01-21T02:04:24.837Z,S0,51
timeseries,59f307be1f0d6766995d08c8,2017-01-22T02:04:24.837Z,S0,48
timeseries,59f307be1f0d6766995d08c9,2017-01-23T02:04:24.837Z,S0,43
timeseries,59f307be1f0d6766995d08ca,2017-01-24T02:04:24.837Z,S0,40
timeseries,59f307be1f0d6766995d08cb,2017-01-25T02:04:24.837Z,S0,43
timeseries,59f307be1f0d6766995d08cc,2017-01-26T02:04:24.837Z,S0,46
timeseries,59f307be1f0d6766995d08cd,2017-01-27T02:04:24.837Z,S0,43
timeseries,59f307be1f0d6766995d08ce,2017-01-28T02:04:24.837Z,S0,47
timeseries,59f307be1f0d6766995d08cf,2017-01-29T02:04:24.837Z,S0,42
timeseries,59f307be1f0d6766995d08d0,2017-01-30T02:04:24.837Z,S0,39
timeseries,59f307be1f0d6766995d08d1,2017-01-31T02:04:24.837Z,S0,43
timeseries,59f307be1f0d6766995d08d2,2017-02-01T02:04:24.837Z,S0,39
timeseries,59f307be1f0d6766995d08d3,2017-02-02T02:04:24.837Z,S0,41
timeseries,59f307be1f0d6766995d08d4,2017-02-03T02:04:24.837Z,S0,45
timeseries,59f307be1f0d6766995d08d5,2017-02-04T02:04:24.837Z,S0,44
timeseries,59f307be1f0d6766995d08d6,2017-02-05T02:04:24.837Z,S0,43
timeseries,59f307be1f0d6766995d08d7,2017-02-06T02:04:24.837Z,S0,45
timeseries,59f307be1f0d6766995d08d8,2017-02-07T02:04:24.837Z,S0,49
timeseries,59f307be1f0d6766995d08d9,2017-02-08T02:04:24.837Z,S0,47
timeseries,59f307be1f0d6766995d08da,2017-02-09T02:04:24.837Z,S0,50
timeseries,59f307be1f0d6766995d08db,2017-02-10T02:04:24.837Z,S0,55
timeseries,59f307be1f0d6766995d08dc,2017-02-11T02:04:24.837Z,S0,51
timeseries,59f307be1f0d6766995d08dd,2017-02-12T02:04:24.837Z,S0,53
timeseries,59f307be1f0d6766995d08de,2017-02-13T02:04:24.837Z,S0,54
timeseries,59f307be1f0d6766995d08df,2017-02-14T02:04:24.837Z,S0,56
timeseries,59f307be1f0d6766995d08e0,2017-02-15T02:04:24.837Z,S0,60
timeseries,59f307be1f0d6766995d08e1,2017-02-16T02:04:24.837Z,S0,61
timeseries,59f307be1f0d6766995d08e2,2017-02-17T02:04:24.837Z,S0,56
timeseries,59f307be1f0d6766995d08e3,2017-02-18T02:04:24.837Z,S0,59
timeseries,59f307be1f0d6766995d08e4,2017-02-19T02:04:24.837Z,S0,58
timeseries,59f307be1f0d6766995d08e5,2017-02-20T02:04:24.837Z,S0,59
timeseries,59f307be1f0d6766995d08e6,2017-02-21T02:04:24.837Z,S0,61
timeseries,59f307be1f0d6766995d08e7,2017-02-22T02:04:24.837Z,S0,63
timeseries,59f307be1f0d6766995d08e8,2017-02-23T02:04:24.837Z,S0,68
timeseries,59f307be1f0d6766995d08e9,2017-02-24T02:04:24.837Z,S0,66
timeseries,59f307be1f0d6766995d08ea,2017-02-25T02:04:24.837Z,S0,68
timeseries,59f307be1f0d6766995d08eb,2017-02-26T02:04:24.837Z,S0,70
timeseries,59f307be1f0d6766995d08ec,2017-02-27T02:04:24.837Z,S0,63
timeseries,59f307be1f0d6766995d08ed,2017-02-28T02:04:24.837Z,S0,67
timeseries,59f307be1f0d6766995d08ee,2017-03-01T02:04:24.837Z,S0,70
timeseries,59f307be1f0d6766995d08ef,2017-03-02T02:04:24.837Z,S0,67
timeseries,59f307be1f0d6766995d08f0,2017-03-03T02:04:24.837Z,S0,60
timeseries,59f307be1f0d6766995d08f1,2017-03-04T02:04:24.837Z,S0,61
timeseries,59f307be1f0d6766995d08f2,2017-03-05T02:04:24.837Z,S0,57
timeseries,59f307be1f0d6766995d08f3,2017-03-06T02:04:24.837Z,S0,52
timeseries,59f307be1f0d6766995d08f4,2017-03-07T02:04:24.837Z,S0,46
timeseries,59f307be1f0d6766995d08f5,2017-03-08T02:04:24.837Z,S0,45
timeseries,59f307be1f0d6766995d08f6,2017-03-09T02:04:24.837Z,S0,40
timeseries,59f307be1f0d6766995d08f7,2017-03-10T02:04:24.837Z,S0,43
timeseries,59f307be1f0d6766995d08f8,2017-03-11T02:04:24.837Z,S0,40
timeseries,59f307be1f0d6766995d08f9,2017-03-12T02:04:24.837Z,S0,37
timeseries,59f307be1f0d6766995d08fa,2017-03-13T02:04:24.837Z,S0,34
timeseries,59f307be1f0d6766995d08fb,2017-03-14T02:04:24.837Z,S0,33
timeseries,59f307be1f0d6766995d08fc,2017-03-15T02:04:24.837Z,S0,35
timeseries,59f307be1f0d6766995d08fd,2017-03-16T02:04:24.837Z,S0,37
timeseries,59f307be1f0d6766995d08fe,2017-03-17T02:04:24.837Z,S0,38
timeseries,59f307be1f0d6766995d08ff,2017-03-18T02:04:24.837Z,S0,41
timeseries,59f307be1f0d6766995d0900,2017-03-19T02:04:24.837Z,S0,44
timeseries,59f307be1f0d6766995d0901,2017-03-20T02:04:24.837Z,S0,48
timeseries,59f307be1f0d6766995d0902,2017-03-21T02:04:24.837Z,S0,53
timeseries,59f307be1f0d6766995d0903,2017-03-22T02:04:24.837Z,S0,58
timeseries,59f307be1f0d6766995d0904,2017-03-23T02:04:24.837Z,S0,53
timeseries,59f307be1f0d6766995d0905,2017-03-24T02:04:24.837Z,S0,58
timeseries,59f307be1f0d6766995d0906,2017-03-25T02:04:24.837Z,S0,59
timeseries,59f307be1f0d6766995d0907,2017-03-26T02:04:24.837Z,S0,57
timeseries,59f307be1f0d6766995d0908,2017-03-27T02:04:24.837Z,S0,51
timeseries,59f307be1f0d6766995d0909,2017-03-28T02:04:24.837Z,S0,52
timeseries,59f307be1f0d6766995d090a,2017-03-29T02:04:24.837Z,S0,58
timeseries,59f307be1f0d6766995d090b,2017-03-30T02:04:24.837Z,S0,53
timeseries,59f307be1f0d6766995d090c,2017-03-31T02:04:24.837Z,S0,48
timeseries,59f307be1f0d6766995d090d,2017-04-01T02:04:24.837Z,S0,45
timeseries,59f307be1f0d6766995d090e,2017-04-02T02:04:24.837Z,S0,47
timeseries,59f307be1f0d6766995d090f,2017-04-03T02:04:24.837Z,S0,52
timeseries,59f307be1f0d6766995d0910,2017-04-04T02:04:24.837Z,S0,49
timeseries,59f307be1f0d6766995d0911,2017-04-05T02:04:24.837Z,S0,51
timeseries,59f307be1f0d6766995d0912,2017-04-06T02:04:24.837Z,S0,54
timeseries,59f307be1f0d6766995d0913,2017-04-07T02:04:24.837Z,S0,48
timeseries,59f307be1f0d6766995d0914,2017-04-08T02:04:24.837Z,S0,51
timeseries,59f307be1f0d6766995d0915,2017-04-09T02:04:24.837Z,S0,47
timeseries,59f307be1f0d6766995d0916,2017-04-10T02:04:24.837Z,S0,44
timeseries,59f307be1f0d6766995d0917,2017-04-11T02:04:24.837Z,S0,48
timeseries,59f307be1f0d6766995d0918,2017-04-12T02:04:24.837Z,S0,53
timeseries,59f307be1f0d6766995d0919,2017-04-13T02:04:24.837Z,S0,48
timeseries,59f307be1f0d6766995d091a,2017-04-14T02:04:24.837Z,S0,49
timeseries,59f307be1f0d6766995d091b,2017-04-15T02:04:24.837Z,S0,50
timeseries,59f307be1f0d6766995d091c,2017-04-16T02:04:24.837Z,S0,51
timeseries,59f307be1f0d6766995d091d,2017-04-17T02:04:24.837Z,S0,45
timeseries,59f307be1f0d6766995d091e,2017-04-18T02:04:24.837Z,S0,43
timeseries,59f307be1f0d6766995d091f,2017-04-19T02:04:24.837Z,S0,41
timeseries,59f307be1f0d6766995d0920,2017-04-20T02:04:24.837Z,S0,44
timeseries,59f307be1f0d6766995d0921,2017-04-21T02:04:24.837Z,S0,39
timeseries,59f307be1f0d6766995d0922,2017-04-22T02:04:24.837Z,S0,37
timeseries,59f307be1f0d6766995d0923,2017-04-23T02:04:24.837Z,S0,39
timeseries,59f307be1f0d6766995d0924,2017-04-24T02:04:24.837Z,S0,36
timeseries,59f307be1f0d6766995d0925,2017-04-25T02:04:24.837Z,S0,34
timeseries,59f307be1f0d6766995d0926,2017-04-26T02:04:24.837Z,S0,35
timeseries,59f307be1f0d6766995d0927,2017-04-27T02:04:24.837Z,S0,36
timeseries,59f307be1f0d6766995d0928,2017-04-28T02:04:24.837Z,S0,40
timeseries,59f307be1f0d6766995d0929,2017-04-29T02:04:24.837Z,S0,38
timeseries,59f307be1f0d6766995d092a,2017-04-30T02:04:24.837Z,S0,37
timeseries,59f307be1f0d6766995d092b,2017-05-01T02:04:24.837Z,S0,34
timeseries,59f307be1f0d6766995d092c,2017-05-02T02:04:24.837Z,S0,36
timeseries,59f307be1f0d6766995d092d,2017-05-03T02:04:24.837Z,S0,40
timeseries,59f307be1f0d6766995d092e,2017-05-04T02:04:24.837Z,S0,38
timeseries,59f307be1f0d6766995d092f,2017-05-05T02:04:24.837Z,S0,34
timeseries,59f307be1f0d6766995d0930,2017-05-06T02:04:24.837Z,S0,35
timeseries,59f307be1f0d6766995d0931,2017-05-07T02:04:24.837Z,S0,33
timeseries,59f307be1f0d6766995d0932,2017-05-08T02:04:24.837Z,S0,37
timeseries,59f307be1f0d6766995d0933,2017-05-09T02:04:24.837Z,S0,39
timeseries,59f307be1f0d6766995d0934,2017-05-10T02:04:24.837Z,S0,36
timeseries,59f307be1f0d6766995d0935,2017-05-11T02:04:24.837Z,S0,33
timeseries,59f307be1f0d6766995d0936,2017-05-12T02:04:24.837Z,S0,31
timeseries,59f307be1f0d6766995d0937,2017-05-13T02:04:24.837Z,S0,30
timeseries,59f307be1f0d6766995d0938,2017-05-14T02:04:24.837Z,S0,33
timeseries,59f307be1f0d6766995d0939,2017-05-15T02:04:24.837Z,S0,36
timeseries,59f307be1f0d6766995d093a,2017-05-16T02:04:24.837Z,S0,39
timeseries,59f307be1f0d6766995d093b,2017-05-17T02:04:24.837Z,S0,35
timeseries,59f307be1f0d6766995d093c,2017-05-18T02:04:24.837Z,S0,31
timeseries,59f307be1f0d6766995d093d,2017-05-19T02:04:24.837Z,S0,32
timeseries,59f307be1f0d6766995d093e,2017-05-20T02:04:24.837Z,S0,35
timeseries,59f307be1f0d6766995d093f,2017-05-21T02:04:24.837Z,S0,38
timeseries,59f307be1f0d6766995d0940,2017-05-22T02:04:24.837Z,S0,36
timeseries,59f307be1f0d6766995d0941,2017-05-23T02:04:24.837Z,S0,34
timeseries,59f307be1f0d6766995d0942,2017-05-24T02:04:24.837Z,S0,37
timeseries,59f307be1f0d6766995d0943,2017-05-25T02:04:24.837Z,S0,40
timeseries,59f307be1f0d6766995d0944,2017-05-26T02:04:24.837Z,S0,37
timeseries,59f307be1f0d6766995d0945,2017-05-27T02:04:24.837Z,S0,41
timeseries,59f307be1f0d6766995d0946,2017-05-28T02:04:24.837Z,S0,43
timeseries,59f307be1f0d6766995d0947,2017-05-29T02:04:24.837Z,S0,40
timeseries,59f307be1f0d6766995d0948,2017-05-30T02:04:24.837Z,S0,38
timeseries,59f307be1f0d6766995d0949,2017-05-31T02:04:24.837Z,S0,34
timeseries,59f307be1f0d6766995d094a,2017-06-01T02:04:24.837Z,S0,30
timeseries,59f307be1f0d6766995d094b,2017-06-02T02:04:24.837Z,S0,27
timeseries,59f307be1f0d6766995d094c,2017-06-03T02:04:24.837Z,S0,29
timeseries,59f307be1f0d6766995d094d,2017-06-04T02:04:24.837Z,S0,30
timeseries,59f307be1f0d6766995d094e,2017-06-05T02:04:24.837Z,S0,31
timeseries,59f307be1f0d6766995d094f,2017-06-06T02:04:24.837Z,S0,34
timeseries,59f307be1f0d6766995d0950,2017-06-07T02:04:24.837Z,S0,36
timeseries,59f307be1f0d6766995d0951,2017-06-08T02:04:24.837Z,S0,33
timeseries,59f307be1f0d6766995d0952,2017-06-09T02:04:24.837Z,S0,36
timeseries,59f307be1f0d6766995d0953,2017-06-10T02:04:24.837Z,S0,37
timeseries,59f307be1f0d6766995d0954,2017-06-11T02:04:24.837Z,S0,33
timeseries,59f307be1f0d6766995d0955,2017-06-12T02:04:24.837Z,S0,35
timeseries,59f307be1f0d6766995d0956,2017-06-13T02:04:24.837Z,S0,31
timeseries,59f307be1f0d6766995d0957,2017-06-14T02:04:24.837Z,S0,32
timeseries,59f307be1f0d6766995d0958,2017-06-15T02:04:24.837Z,S0,30
timeseries,59f307be1f0d6766995d0959,2017-06-16T02:04:24.837Z,S0,27
timeseries,59f307be1f0d6766995d095a,2017-06-17T02:04:24.837Z,S0,25
timeseries,59f307be1f0d6766995d095b,2017-06-18T02:04:24.837Z,S0,26
timeseries,59f307be1f0d6766995d095c,2017-06-19T02:04:24.837Z,S0,25
timeseries,59f307be1f0d6766995d095d,2017-06-20T02:04:24.837Z,S0,28
timeseries,59f307be1f0d6766995d095e,2017-06-21T02:04:24.837Z,S0,30
timeseries,59f307be1f0d6766995d095f,2017-06-22T02:04:24.837Z,S0,33
timeseries,59f307be1f0d6766995d0960,2017-06-23T02:04:24.837Z,S0,36
timeseries,59f307be1f0d6766995d0961,2017-06-24T02:04:24.837Z,S0,33
timeseries,59f307be1f0d6766995d0962,2017-06-25T02:04:24.837Z,S0,30
timeseries,59f307be1f0d6766995d0963,2017-06-26T02:04:24.837Z,S0,32
timeseries,59f307be1f0d6766995d0964,2017-06-27T02:04:24.837Z,S0,29
timeseries,59f307be1f0d6766995d0965,2017-06-28T02:04:24.837Z,S0,28
timeseries,59f307be1f0d6766995d0966,2017-06-29T02:04:24.837Z,S0,30
timeseries,59f307be1f0d6766995d0967,2017-06-30T02:04:24.837Z,S0,33
timeseries,59f307be1f0d6766995d0968,2017-07-01T02:04:24.837Z,S0,31
timeseries,59f307be1f0d6766995d0969,2017-07-02T02:04:24.837Z,S0,28
timeseries,59f307be1f0d6766995d096a,2017-07-03T02:04:24.837Z,S0,31
timeseries,59f307be1f0d6766995d096b,2017-07-04T02:04:24.837Z,S0,33
timeseries,59f307be1f0d6766995d096c,2017-07-05T02:04:24.837Z,S0,30
timeseries,59f307be1f0d6766995d096d,2017-07-06T02:04:24.837Z,S0,29
timeseries,59f307be1f0d6766995d096e,2017-07-07T02:04:24.837Z,S0,30
timeseries,59f307be1f0d6766995d096f,2017-07-08T02:04:24.837Z,S0,33
timeseries,59f307be1f0d6766995d0970,2017-07-09T02:04:24.837Z,S0,31
timeseries,59f307be1f0d6766995d0971,2017-07-10T02:04:24.837Z,S0,30
timeseries,59f307be1f0d6766995d0972,2017-07-11T02:04:24.837Z,S0,29
timeseries,59f307be1f0d6766995d0973,2017-07-12T02:04:24.837Z,S0,27
timeseries,59f307be1f0d6766995d0974,2017-01-14T02:04:24.837Z,S1,46
timeseries,59f307be1f0d6766995d0975,2017-01-15T02:04:24.837Z,S1,49
timeseries,59f307be1f0d6766995d0976,2017-01-16T02:04:24.837Z,S1,53
timeseries,59f307be1f0d6766995d0977,2017-01-17T02:04:24.837Z,S1,47
timeseries,59f307be1f0d6766995d0978,2017-01-18T02:04:24.837Z,S1,49
timeseries,59f307be1f0d6766995d0979,2017-01-19T02:04:24.837Z,S1,45
timeseries,59f307be1f0d6766995d097a,2017-01-20T02:04:24.837Z,S1,48
timeseries,59f307be1f0d6766995d097b,2017-01-21T02:04:24.837Z,S1,44
timeseries,59f307be1f0d6766995d097c,2017-01-22T02:04:24.837Z,S1,49
timeseries,59f307be1f0d6766995d097d,2017-01-23T02:04:24.837Z,S1,52
timeseries,59f307be1f0d6766995d097e,2017-01-24T02:04:24.837Z,S1,49
timeseries,59f307be1f0d6766995d097f,2017-01-25T02:04:24.837Z,S1,47
timeseries,59f307be1f0d6766995d0980,2017-01-26T02:04:24.837Z,S1,42
timeseries,59f307be1f0d6766995d0981,2017-01-27T02:04:24.837Z,S1,43
timeseries,59f307be1f0d6766995d0982,2017-01-28T02:04:24.837Z,S1,39
timeseries,59f307be1f0d6766995d0983,2017-01-29T02:04:24.837Z,S1,35
timeseries,59f307be1f0d6766995d0984,2017-01-30T02:04:24.837Z,S1,38
timeseries,59f307be1f0d6766995d0985,2017-01-31T02:04:24.837Z,S1,37
timeseries,59f307be1f0d6766995d0986,2017-02-01T02:04:24.837Z,S1,38
timeseries,59f307be1f0d6766995d0987,2017-02-02T02:04:24.837Z,S1,41
timeseries,59f307be1f0d6766995d0988,2017-02-03T02:04:24.837Z,S1,44
timeseries,59f307be1f0d6766995d0989,2017-02-04T02:04:24.837Z,S1,41
timeseries,59f307be1f0d6766995d098a,2017-02-05T02:04:24.837Z,S1,45
timeseries,59f307be1f0d6766995d098b,2017-02-06T02:04:24.837Z,S1,42
timeseries,59f307be1f0d6766995d098c,2017-02-07T02:04:24.837Z,S1,40
timeseries,59f307be1f0d6766995d098d,2017-02-08T02:04:24.837Z,S1,42
timeseries,59f307be1f0d6766995d098e,2017-02-09T02:04:24.837Z,S1,39
timeseries,59f307be1f0d6766995d098f,2017-02-10T02:04:24.837Z,S1,41
timeseries,59f307be1f0d6766995d0990,2017-02-11T02:04:24.837Z,S1,37
timeseries,59f307be1f0d6766995d0991,2017-02-12T02:04:24.837Z,S1,35
timeseries,59f307be1f0d6766995d0992,2017-02-13T02:04:24.837Z,S1,32
timeseries,59f307be1f0d6766995d0993,2017-02-14T02:04:24.837Z,S1,33
timeseries,59f307be1f0d6766995d0994,2017-02-15T02:04:24.837Z,S1,32
timeseries,59f307be1f0d6766995d0995,2017-02-16T02:04:24.837Z,S1,30
timeseries,59f307be1f0d6766995d0996,2017-02-17T02:04:24.837Z,S1,33
timeseries,59f307be1f0d6766995d0997,2017-02-18T02:04:24.837Z,S1,36
timeseries,59f307be1f0d6766995d0998,2017-02-19T02:04:24.837Z,S1,39
timeseries,59f307be1f0d6766995d0999,2017-02-20T02:04:24.837Z,S1,41
timeseries,59f307be1f0d6766995d099a,2017-02-21T02:04:24.837Z,S1,36
timeseries,59f307be1f0d6766995d099b,2017-02-22T02:04:24.837Z,S1,39
timeseries,59f307be1f0d6766995d099c,2017-02-23T02:04:24.837Z,S1,43
timeseries,59f307be1f0d6766995d099d,2017-02-24T02:04:24.837Z,S1,45
timeseries,59f307be1f0d6766995d099e,2017-02-25T02:04:24.837Z,S1,49
timeseries,59f307be1f0d6766995d099f,2017-02-26T02:04:24.837Z,S1,44
timeseries,59f307be1f0d6766995d09a0,2017-02-27T02:04:24.837Z,S1,39
timeseries,59f307be1f0d6766995d09a1,2017-02-28T02:04:24.837Z,S1,43
timeseries,59f307be1f0d6766995d09a2,2017-03-01T02:04:24.837Z,S1,38
timeseries,59f307be1f0d6766995d09a3,2017-03-02T02:04:24.837Z,S1,40
timeseries,59f307be1f0d6766995d09a4,2017-03-03T02:04:24.837Z,S1,37
timeseries,59f307be1f0d6766995d09a5,2017-03-04T02:04:24.837Z,S1,34
timeseries,59f307be1f0d6766995d09a6,2017-03-05T02:04:24.837Z,S1,32
timeseries,59f307be1f0d6766995d09a7,2017-03-06T02:04:24.837Z,S1,33
timeseries,59f307be1f0d6766995d09a8,2017-03-07T02:04:24.837Z,S1,31
timeseries,59f307be1f0d6766995d09a9,2017-03-08T02:04:24.837Z,S1,34
timeseries,59f307be1f0d6766995d09aa,2017-03-09T02:04:24.837Z,S1,36
timeseries,59f307be1f0d6766995d09ab,2017-03-10T02:04:24.837Z,S1,39
timeseries,59f307be1f0d6766995d09ac,2017-03-11T02:04:24.837Z,S1,38
timeseries,59f307be1f0d6766995d09ad,2017-03-12T02:04:24.837Z,S1,36
timeseries,59f307be1f0d6766995d09ae,2017-03-13T02:04:24.837Z,S1,32
timeseries,59f307be1f0d6766995d09af,2017-03-14T02:04:24.837Z,S1,29
timeseries,59f307be1f0d6766995d09b0,2017-03-15T02:04:24.837Z,S1,27
timeseries,59f307be1f0d6766995d09b1,2017-03-16T02:04:24.837Z,S1,28
timeseries,59f307be1f0d6766995d09b2,2017-03-17T02:04:24.837Z,S1,30
timeseries,59f307be1f0d6766995d09b3,2017-03-18T02:04:24.837Z,S1,29
timeseries,59f307be1f0d6766995d09b4,2017-03-19T02:04:24.837Z,S1,30
timeseries,59f307be1f0d6766995d09b5,2017-03-20T02:04:24.837Z,S1,27
timeseries,59f307be1f0d6766995d09b6,2017-03-21T02:04:24.837Z,S1,28
timeseries,59f307be1f0d6766995d09b7,2017-03-22T02:04:24.837Z,S1,31
timeseries,59f307be1f0d6766995d09b8,2017-03-23T02:04:24.837Z,S1,33
timeseries,59f307be1f0d6766995d09b9,2017-03-24T02:04:24.837Z,S1,36
timeseries,59f307be1f0d6766995d09ba,2017-03-25T02:04:24.837Z,S1,37
timeseries,59f307be1f0d6766995d09bb,2017-03-26T02:04:24.837Z,S1,38
timeseries,59f307be1f0d6766995d09bc,2017-03-27T02:04:24.837Z,S1,41
timeseries,59f307be1f0d6766995d09bd,2017-03-28T02:04:24.837Z,S1,36
timeseries,59f307be1f0d6766995d09be,2017-03-29T02:04:24.837Z,S1,33
timeseries,59f307be1f0d6766995d09bf,2017-03-30T02:04:24.837Z,S1,31
timeseries,59f307be1f0d6766995d09c0,2017-03-31T02:04:24.837Z,S1,32
timeseries,59f307be1f0d6766995d09c1,2017-04-01T02:04:24.837Z,S1,31
timeseries,59f307be1f0d6766995d09c2,2017-04-02T02:04:24.837Z,S1,30
timeseries,59f307be1f0d6766995d09c3,2017-04-03T02:04:24.837Z,S1,33
timeseries,59f307be1f0d6766995d09c4,2017-04-04T02:04:24.837Z,S1,32
timeseries,59f307be1f0d6766995d09c5,2017-04-05T02:04:24.837Z,S1,29
timeseries,59f307be1f0d6766995d09c6,2017-04-06T02:04:24.837Z,S1,26
timeseries,59f307be1f0d6766995d09c7,2017-04-07T02:04:24.837Z,S1,24
timeseries,59f307be1f0d6766995d09c8,2017-04-08T02:04:24.837Z,S1,23
timeseries,59f307be1f0d6766995d09c9,2017-04-09T02:04:24.837Z,S1,26
timeseries,59f307be1f0d6766995d09ca,2017-04-10T02:04:24.837Z,S1,25
timeseries,59f307be1f0d6766995d09cb,2017-04-11T02:04:24.837Z,S1,27
timeseries,59f307be1f0d6766995d09cc,2017-04-12T02:04:24.837Z,S1,30
timeseries,59f307be1f0d6766995d09cd,2017-04-13T02:04:24.837Z,S1,27
timeseries,59f307be1f0d6766995d09ce,2017-04-14T02:04:24.837Z,S1,29
timeseries,59f307be1f0d6766995d09cf,2017-04-15T02:04:24.837Z,S1,32
timeseries,59f307be1f0d6766995d09d0,2017-04-16T02:04:24.837Z,S1,36
timeseries,59f307be1f0d6766995d09d1,2017-04-17T02:04:24.837Z,S1,38
timeseries,59f307be1f0d6766995d09d2,2017-04-18T02:04:24.837Z,S1,37
timeseries,59f307be1f0d6766995d09d3,2017-04-19T02:04:24.837Z,S1,40
timeseries,59f307be1f0d6766995d09d4,2017-04-20T02:04:24.837Z,S1,44
timeseries,59f307be1f0d6766995d09d5,2017-04-21T02:04:24.837Z,S1,49
timeseries,59f307be1f0d6766995d09d6,2017-04-22T02:04:24.837Z,S1,44
timeseries,59f307be1f0d6766995d09d7,2017-04-23T02:04:24.837Z,S1,48
timeseries,59f307be1f0d6766995d09d8,2017-04-24T02:04:24.837Z,S1,53
timeseries,59f307be1f0d6766995d09d9,2017-04-25T02:04:24.837Z,S1,50
timeseries,59f307be1f0d6766995d09da,2017-04-26T02:04:24.837Z,S1,45
timeseries,59f307be1f0d6766995d09db,2017-04-27T02:04:24.837Z,S1,40
timeseries,59f307be1f0d6766995d09dc,2017-04-28T02:04:24.837Z,S1,44
timeseries,59f307be1f0d6766995d09dd,2017-04-29T02:04:24.837Z,S1,48
timeseries,59f307be1f0d6766995d09de,2017-04-30T02:04:24.837Z,S1,49
timeseries,59f307be1f0d6766995d09df,2017-05-01T02:04:24.837Z,S1,53
timeseries,59f307be1f0d6766995d09e0,2017-05-02T02:04:24.837Z,S1,55
timeseries,59f307be1f0d6766995d09e1,2017-05-03T02:04:24.837Z,S1,57
timeseries,59f307be1f0d6766995d09e2,2017-05-04T02:04:24.837Z,S1,53
timeseries,59f307be1f0d6766995d09e3,2017-05-05T02:04:24.837Z,S1,57
timeseries,59f307be1f0d6766995d09e4,2017-05-06T02:04:24.837Z,S1,54
timeseries,59f307be1f0d6766995d09e5,2017-05-07T02:04:24.837Z,S1,51
timeseries,59f307be1f0d6766995d09e6,2017-05-08T02:04:24.837Z,S1,55
timeseries,59f307be1f0d6766995d09e7,2017-05-09T02:04:24.837Z,S1,51
timeseries,59f307be1f0d6766995d09e8,2017-05-10T02:04:24.837Z,S1,45
timeseries,59f307be1f0d6766995d09e9,2017-05-11T02:04:24.837Z,S1,50
timeseries,59f307be1f0d6766995d09ea,2017-05-12T02:04:24.837Z,S1,48
timeseries,59f307be1f0d6766995d09eb,2017-05-13T02:04:24.837Z,S1,51
timeseries,59f307be1f0d6766995d09ec,2017-05-14T02:04:24.837Z,S1,45
timeseries,59f307be1f0d6766995d09ed,2017-05-15T02:04:24.837Z,S1,43
timeseries,59f307be1f0d6766995d09ee,2017-05-16T02:04:24.837Z,S1,47
timeseries,59f307be1f0d6766995d09ef,2017-05-17T02:04:24.837Z,S1,44
timeseries,59f307be1f0d6766995d09f0,2017-05-18T02:04:24.837Z,S1,47
timeseries,59f307be1f0d6766995d09f1,2017-05-19T02:04:24.837Z,S1,51
timeseries,59f307be1f0d6766995d09f2,2017-05-20T02:04:24.837Z,S1,52
timeseries,59f307be1f0d6766995d09f3,2017-05-21T02:04:24.837Z,S1,57
timeseries,59f307be1f0d6766995d09f4,2017-05-22T02:04:24.837Z,S1,61
timeseries,59f307be1f0d6766995d09f5,2017-05-23T02:04:24.837Z,S1,63
timeseries,59f307be1f0d6766995d09f6,2017-05-24T02:04:24.837Z,S1,67
timeseries,59f307be1f0d6766995d09f7,2017-05-25T02:04:24.837Z,S1,62
timeseries,59f307be1f0d6766995d09f8,2017-05-26T02:04:24.837Z,S1,64
timeseries,59f307be1f0d6766995d09f9,2017-05-27T02:04:24.837Z,S1,61
timeseries,59f307be1f0d6766995d09fa,2017-05-28T02:04:24.837Z,S1,57
timeseries,59f307be1f0d6766995d09fb,2017-05-29T02:04:24.837Z,S1,52
timeseries,59f307be1f0d6766995d09fc,2017-05-30T02:04:24.837Z,S1,57
timeseries,59f307be1f0d6766995d09fd,2017-05-31T02:04:24.837Z,S1,52
timeseries,59f307be1f0d6766995d09fe,2017-06-01T02:04:24.837Z,S1,46
timeseries,59f307be1f0d6766995d09ff,2017-06-02T02:04:24.837Z,S1,44
timeseries,59f307be1f0d6766995d0a00,2017-06-03T02:04:24.837Z,S1,45
timeseries,59f307be1f0d6766995d0a01,2017-06-04T02:04:24.837Z,S1,40
timeseries,59f307be1f0d6766995d0a02,2017-06-05T02:04:24.837Z,S1,44
timeseries,59f307be1f0d6766995d0a03,2017-06-06T02:04:24.837Z,S1,42
timeseries,59f307be1f0d6766995d0a04,2017-06-07T02:04:24.837Z,S1,43
timeseries,59f307be1f0d6766995d0a05,2017-06-08T02:04:24.837Z,S1,45
timeseries,59f307be1f0d6766995d0a06,2017-06-09T02:04:24.837Z,S1,47
timeseries,59f307be1f0d6766995d0a07,2017-06-10T02:04:24.837Z,S1,52
timeseries,59f307be1f0d6766995d0a08,2017-06-11T02:04:24.837Z,S1,56
timeseries,59f307be1f0d6766995d0a09,2017-06-12T02:04:24.837Z,S1,62
timeseries,59f307be1f0d6766995d0a0a,2017-06-13T02:04:24.837Z,S1,66
timeseries,59f307be1f0d6766995d0a0b,2017-06-14T02:04:24.837Z,S1,69
timeseries,59f307be1f0d6766995d0a0c,2017-06-15T02:04:24.837Z,S1,72
timeseries,59f307be1f0d6766995d0a0d,2017-06-16T02:04:24.837Z,S1,78
timeseries,59f307be1f0d6766995d0a0e,2017-06-17T02:04:24.837Z,S1,86
timeseries,59f307be1f0d6766995d0a0f,2017-06-18T02:04:24.837Z,S1,80
timeseries,59f307be1f0d6766995d0a10,2017-06-19T02:04:24.837Z,S1,72
timeseries,59f307be1f0d6766995d0a11,2017-06-20T02:04:24.837Z,S1,73
timeseries,59f307be1f0d6766995d0a12,2017-06-21T02:04:24.837Z,S1,77
timeseries,59f307be1f0d6766995d0a13,2017-06-22T02:04:24.837Z,S1,70
timeseries,59f307be1f0d6766995d0a14,2017-06-23T02:04:24.837Z,S1,73
timeseries,59f307be1f0d6766995d0a15,2017-06-24T02:04:24.837Z,S1,69
timeseries,59f307be1f0d6766995d0a16,2017-06-25T02:04:24.837Z,S1,76
timeseries,59f307be1f0d6766995d0a17,2017-06-26T02:04:24.837Z,S1,83
timeseries,59f307be1f0d6766995d0a18,2017-06-27T02:04:24.837Z,S1,75
timeseries,59f307be1f0d6766995d0a19,2017-06-28T02:04:24.837Z,S1,69
timeseries,59f307be1f0d6766995d0a1a,2017-06-29T02:04:24.837Z,S1,62
timeseries,59f307be1f0d6766995d0a1b,2017-06-30T02:04:24.837Z,S1,67
timeseries,59f307be1f0d6766995d0a1c,2017-07-01T02:04:24.837Z,S1,65
timeseries,59f307be1f0d6766995d0a1d,2017-07-02T02:04:24.837Z,S1,61
timeseries,59f307be1f0d6766995d0a1e,2017-07-03T02:04:24.837Z,S1,63
timeseries,59f307be1f0d6766995d0a1f,2017-07-04T02:04:24.837Z,S1,57
timeseries,59f307be1f0d6766995d0a20,2017-07-05T02:04:24.837Z,S1,54
timeseries,59f307be1f0d6766995d0a21,2017-07-06T02:04:24.837Z,S1,59
timeseries,59f307be1f0d6766995d0a22,2017-07-07T02:04:24.837Z,S1,64
timeseries,59f307be1f0d6766995d0a23,2017-07-08T02:04:24.837Z,S1,68
timeseries,59f307be1f0d6766995d0a24,2017-07-09T02:04:24.837Z,S1,67
timeseries,59f307be1f0d6766995d0a25,2017-07-10T02:04:24.837Z,S1,74
timeseries,59f307be1f0d6766995d0a26,2017-07-11T02:04:24.837Z,S1,72
timeseries,59f307be1f0d6766995d0a27,2017-07-12T02:04:24.837Z,S1,80
timeseries,59f307be1f0d6766995d0a28,2017-01-14T02:04:24.837Z,S2,55
timeseries,59f307be1f0d6766995d0a29,2017-01-15T02:04:24.837Z,S2,58
timeseries,59f307be1f0d6766995d0a2a,2017-01-16T02:04:24.837Z,S2,63
timeseries,59f307be1f0d6766995d0a2b,2017-01-17T02:04:24.837Z,S2,59
timeseries,59f307be1f0d6766995d0a2c,2017-01-18T02:04:24.837Z,S2,65
timeseries,59f307be1f0d6766995d0a2d,2017-01-19T02:04:24.837Z,S2,61
timeseries,59f307be1f0d6766995d0a2e,2017-01-20T02:04:24.837Z,S2,62
timeseries,59f307be1f0d6766995d0a2f,2017-01-21T02:04:24.837Z,S2,65
timeseries,59f307be1f0d6766995d0a30,2017-01-22T02:04:24.837Z,S2,60
timeseries,59f307be1f0d6766995d0a31,2017-01-23T02:04:24.837Z,S2,61
timeseries,59f307be1f0d6766995d0a32,2017-01-24T02:04:24.837Z,S2,56
timeseries,59f307be1f0d6766995d0a33,2017-01-25T02:04:24.837Z,S2,60
timeseries,59f307be1f0d6766995d0a34,2017-01-26T02:04:24.837Z,S2,65
timeseries,59f307be1f0d6766995d0a35,2017-01-27T02:04:24.837Z,S2,69
timeseries,59f307be1f0d6766995d0a36,2017-01-28T02:04:24.837Z,S2,62
timeseries,59f307be1f0d6766995d0a37,2017-01-29T02:04:24.837Z,S2,65
timeseries,59f307be1f0d6766995d0a38,2017-01-30T02:04:24.837Z,S2,61
timeseries,59f307be1f0d6766995d0a39,2017-01-31T02:04:24.837Z,S2,54
timeseries,59f307be1f0d6766995d0a3a,2017-02-01T02:04:24.837Z,S2,53
timeseries,59f307be1f0d6766995d0a3b,2017-02-02T02:04:24.837Z,S2,51
timeseries,59f307be1f0d6766995d0a3c,2017-02-03T02:04:24.837Z,S2,54
timeseries,59f307be1f0d6766995d0a3d,2017-02-04T02:04:24.837Z,S2,52
timeseries,59f307be1f0d6766995d0a3e,2017-02-05T02:04:24.837Z,S2,49
timeseries,59f307be1f0d6766995d0a3f,2017-02-06T02:04:24.837Z,S2,54
timeseries,59f307be1f0d6766995d0a40,2017-02-07T02:04:24.837Z,S2,59
timeseries,59f307be1f0d6766995d0a41,2017-02-08T02:04:24.837Z,S2,57
timeseries,59f307be1f0d6766995d0a42,2017-02-09T02:04:24.837Z,S2,60
timeseries,59f307be1f0d6766995d0a43,2017-02-10T02:04:24.837Z,S2,54
timeseries,59f307be1f0d6766995d0a44,2017-02-11T02:04:24.837Z,S2,50
timeseries,59f307be1f0d6766995d0a45,2017-02-12T02:04:24.837Z,S2,51
timeseries,59f307be1f0d6766995d0a46,2017-02-13T02:04:24.837Z,S2,47
timeseries,59f307be1f0d6766995d0a47,2017-02-14T02:04:24.837Z,S2,43
timeseries,59f307be1f0d6766995d0a48,2017-02-15T02:04:24.837Z,S2,46
timeseries,59f307be1f0d6766995d0a49,2017-02-16T02:04:24.837Z,S2,50
timeseries,59f307be1f0d6766995d0a4a,2017-02-17T02:04:24.837Z,S2,45
timeseries,59f307be1f0d6766995d0a4b,2017-02-18T02:04:24.837Z,S2,43
timeseries,59f307be1f0d6766995d0a4c,2017-02-19T02:04:24.837Z,S2,39
timeseries,59f307be1f0d6766995d0a4d,2017-02-20T02:04:24.837Z,S2,36
timeseries,59f307be1f0d6766995d0a4e,2017-02-21T02:04:24.837Z,S2,40
timeseries,59f307be1f0d6766995d0a4f,2017-02-22T02:04:24.837Z,S2,36
timeseries,59f307be1f0d6766995d0a50,2017-02-23T02:04:24.837Z,S2,33
timeseries,59f307be1f0d6766995d0a51,2017-02-24T02:04:24.837Z,S2,30
timeseries,59f307be1f0d6766995d0a52,2017-02-25T02:04:24.837Z,S2,29
timeseries,59f307be1f0d6766995d0a53,2017-02-26T02:04:24.837Z,S2,32
timeseries,59f307be1f0d6766995d0a54,2017-02-27T02:04:24.837Z,S2,31
timeseries,59f307be1f0d6766995d0a55,2017-02-28T02:04:24.837Z,S2,33
timeseries,59f307be1f0d6766995d0a56,2017-03-01T02:04:24.837Z,S2,36
timeseries,59f307be1f0d6766995d0a57,2017-03-02T02:04:24.837Z,S2,33
timeseries,59f307be1f0d6766995d0a58,2017-03-03T02:04:24.837Z,S2,36
timeseries,59f307be1f0d6766995d0a59,2017-03-04T02:04:24.837Z,S2,38
timeseries,59f307be1f0d6766995d0a5a,2017-03-05T02:04:24.837Z,S2,37
timeseries,59f307be1f0d6766995d0a5b,2017-03-06T02:04:24.837Z,S2,35
timeseries,59f307be1f0d6766995d0a5c,2017-03-07T02:04:24.837Z,S2,36
timeseries,59f307be1f0d6766995d0a5d,2017-03-08T02:04:24.837Z,S2,38
timeseries,59f307be1f0d6766995d0a5e,2017-03-09T02:04:24.837Z,S2,36
timeseries,59f307be1f0d6766995d0a5f,2017-03-10T02:04:24.837Z,S2,40
timeseries,59f307be1f0d6766995d0a60,2017-03-11T02:04:24.837Z,S2,39
timeseries,59f307be1f0d6766995d0a61,2017-03-12T02:04:24.837Z,S2,35
timeseries,59f307be1f0d6766995d0a62,2017-03-13T02:04:24.837Z,S2,36
timeseries,59f307be1f0d6766995d0a63,2017-03-14T02:04:24.837Z,S2,35
timeseries,59f307be1f0d6766995d0a64,2017-03-15T02:04:24.837Z,S2,37
timeseries,59f307be1f0d6766995d0a65,2017-03-16T02:04:24.837Z,S2,36
timeseries,59f307be1f0d6766995d0a66,2017-03-17T02:04:24.837Z,S2,38
timeseries,59f307be1f0d6766995d0a67,2017-03-18T02:04:24.837Z,S2,37
timeseries,59f307be1f0d6766995d0a68,2017-03-19T02:04:24.837Z,S2,41
timeseries,59f307be1f0d6766995d0a69,2017-03-20T02:04:24.837Z,S2,38
timeseries,59f307be1f0d6766995d0a6a,2017-03-21T02:04:24.837Z,S2,41
timeseries,59f307be1f0d6766995d0a6b,2017-03-22T02:04:24.837Z,S2,38
timeseries,59f307be1f0d6766995d0a6c,2017-03-23T02:04:24.837Z,S2,40
timeseries,59f307be1f0d6766995d0a6d,2017-03-24T02:04:24.837Z,S2,44
timeseries,59f307be1f0d6766995d0a6e,2017-03-25T02:04:24.837Z,S2,48
timeseries,59f307be1f0d6766995d0a6f,2017-03-26T02:04:24.837Z,S2,46
timeseries,59f307be1f0d6766995d0a70,2017-03-27T02:04:24.837Z,S2,42
timeseries,59f307be1f0d6766995d0a71,2017-03-28T02:04:24.837Z,S2,45
timeseries,59f307be1f0d6766995d0a72,2017-03-29T02:04:24.837Z,S2,40
timeseries,59f307be1f0d6766995d0a73,2017-03-30T02:04:24.837Z,S2,39
timeseries,59f307be1f0d6766995d0a74,2017-03-31T02:04:24.837Z,S2,41
timeseries,59f307be1f0d6766995d0a75,2017-04-01T02:04:24.837Z,S2,42
timeseries,59f307be1f0d6766995d0a76,2017-04-02T02:04:24.837Z,S2,43
timeseries,59f307be1f0d6766995d0a77,2017-04-03T02:04:24.837Z,S2,45
timeseries,59f307be1f0d6766995d0a78,2017-04-04T02:04:24.837Z,S2,46
timeseries,59f307be1f0d6766995d0a79,2017-04-05T02:04:24.837Z,S2,41
timeseries,59f307be1f0d6766995d0a7a,2017-04-06T02:04:24.837Z,S2,42
timeseries,59f307be1f0d6766995d0a7b,2017-04-07T02:04:24.837Z,S2,43
timeseries,59f307be1f0d6766995d0a7c,2017-04-08T02:04:24.837Z,S2,46
timeseries,59f307be1f0d6766995d0a7d,2017-04-09T02:04:24.837Z,S2,43
timeseries,59f307be1f0d6766995d0a7e,2017-04-10T02:04:24.837Z,S2,39
timeseries,59f307be1f0d6766995d0a7f,2017-04-11T02:04:24.837Z,S2,35
timeseries,59f307be1f0d6766995d0a80,2017-04-12T02:04:24.837Z,S2,32
timeseries,59f307be1f0d6766995d0a81,2017-04-13T02:04:24.837Z,S2,31
timeseries,59f307be1f0d6766995d0a82,2017-04-14T02:04:24.837Z,S2,29
timeseries,59f307be1f0d6766995d0a83,2017-04-15T02:04:24.837Z,S2,26
timeseries,59f307be1f0d6766995d0a84,2017-04-16T02:04:24.837Z,S2,24
timeseries,59f307be1f0d6766995d0a85,2017-04-17T02:04:24.837Z,S2,23
timeseries,59f307be1f0d6766995d0a86,2017-04-18T02:04:24.837Z,S2,21
timeseries,59f307be1f0d6766995d0a87,2017-04-19T02:04:24.837Z,S2,20
timeseries,59f307be1f0d6766995d0a88,2017-04-20T02:04:24.837Z,S2,18
timeseries,59f307be1f0d6766995d0a89,2017-04-21T02:04:24.837Z,S2,17
timeseries,59f307be1f0d6766995d0a8a,2017-04-22T02:04:24.837Z,S2,19
timeseries,59f307be1f0d6766995d0a8b,2017-04-23T02:04:24.837Z,S2,20
timeseries,59f307be1f0d6766995d0a8c,2017-04-24T02:04:24.837Z,S2,18
timeseries,59f307be1f0d6766995d0a8d,2017-04-25T02:04:24.837Z,S2,17
timeseries,59f307be1f0d6766995d0a8e,2017-04-26T02:04:24.837Z,S2,18
timeseries,59f307be1f0d6766995d0a8f,2017-04-27T02:04:24.837Z,S2,17
timeseries,59f307be1f0d6766995d0a90,2017-04-28T02:04:24.837Z,S2,15
timeseries,59f307be1f0d6766995d0a91,2017-04-29T02:04:24.837Z,S2,17
timeseries,59f307be1f0d6766995d0a92,2017-04-30T02:04:24.837Z,S2,16
timeseries,59f307be1f0d6766995d0a93,2017-05-01T02:04:24.837Z,S2,17
timeseries,59f307be1f0d6766995d0a94,2017-05-02T02:04:24.837Z,S2,15
timeseries,59f307be1f0d6766995d0a95,2017-05-03T02:04:24.837Z,S2,17
timeseries,59f307be1f0d6766995d0a96,2017-05-04T02:04:24.837Z,S2,18
timeseries,59f307be1f0d6766995d0a97,2017-05-05T02:04:24.837Z,S2,16
timeseries,59f307be1f0d6766995d0a98,2017-05-06T02:04:24.837Z,S2,15
timeseries,59f307be1f0d6766995d0a99,2017-05-07T02:04:24.837Z,S2,16
timeseries,59f307be1f0d6766995d0a9a,2017-05-08T02:04:24.837Z,S2,15
timeseries,59f307be1f0d6766995d0a9b,2017-05-09T02:04:24.837Z,S2,14
timeseries,59f307be1f0d6766995d0a9c,2017-05-10T02:04:24.837Z,S2,13
timeseries,59f307be1f0d6766995d0a9d,2017-05-11T02:04:24.837Z,S2,12
timeseries,59f307be1f0d6766995d0a9e,2017-05-12T02:04:24.837Z,S2,11
timeseries,59f307be1f0d6766995d0a9f,2017-05-13T02:04:24.837Z,S2,10
timeseries,59f307be1f0d6766995d0aa0,2017-05-14T02:04:24.837Z,S2,11
timeseries,59f307be1f0d6766995d0aa1,2017-05-15T02:04:24.837Z,S2,10
timeseries,59f307be1f0d6766995d0aa2,2017-05-16T02:04:24.837Z,S2,9
timeseries,59f307be1f0d6766995d0aa3,2017-05-17T02:04:24.837Z,S2,8
timeseries,59f307be1f0d6766995d0aa4,2017-05-18T02:04:24.837Z,S2,7
timeseries,59f307be1f0d6766995d0aa5,2017-05-19T02:04:24.837Z,S2,8
timeseries,59f307be1f0d6766995d0aa6,2017-05-20T02:04:24.837Z,S2,9
timeseries,59f307be1f0d6766995d0aa7,2017-05-21T02:04:24.837Z,S2,10
timeseries,59f307be1f0d6766995d0aa8,2017-05-22T02:04:24.837Z,S2,9
timeseries,59f307be1f0d6766995d0aa9,2017-05-23T02:04:24.837Z,S2,10
timeseries,59f307be1f0d6766995d0aaa,2017-05-24T02:04:24.837Z,S2,9
timeseries,59f307be1f0d6766995d0aab,2017-05-25T02:04:24.837Z,S2,10
timeseries,59f307be1f0d6766995d0aac,2017-05-26T02:04:24.837Z,S2,11
timeseries,59f307be1f0d6766995d0aad,2017-05-27T02:04:24.837Z,S2,12
timeseries,59f307be1f0d6766995d0aae,2017-05-28T02:04:24.837Z,S2,10
timeseries,59f307be1f0d6766995d0aaf,2017-05-29T02:04:24.837Z,S2,11
timeseries,59f307be1f0d6766995d0ab0,2017-05-30T02:04:24.837Z,S2,9
timeseries,59f307be1f0d6766995d0ab1,2017-05-31T02:04:24.837Z,S2,8
timeseries,59f307be1f0d6766995d0ab2,2017-06-01T02:04:24.837Z,S2,7
timeseries,59f307be1f0d6766995d0ab3,2017-06-02T02:04:24.837Z,S2,8
timeseries,59f307be1f0d6766995d0ab4,2017-06-03T02:04:24.837Z,S2,9
timeseries,59f307be1f0d6766995d0ab5,2017-06-04T02:04:24.837Z,S2,10
timeseries,59f307be1f0d6766995d0ab6,2017-06-05T02:04:24.837Z,S2,11
timeseries,59f307be1f0d6766995d0ab7,2017-06-06T02:04:24.837Z,S2,12
timeseries,59f307be1f0d6766995d0ab8,2017-06-07T02:04:24.837Z,S2,11
timeseries,59f307be1f0d6766995d0ab9,2017-06-08T02:04:24.837Z,S2,12
timeseries,59f307be1f0d6766995d0aba,2017-06-09T02:04:24.837Z,S2,10
timeseries,59f307be1f0d6766995d0abb,2017-06-10T02:04:24.837Z,S2,9
timeseries,59f307be1f0d6766995d0abc,2017-06-11T02:04:24.837Z,S2,8
timeseries,59f307be1f0d6766995d0abd,2017-06-12T02:04:24.837Z,S2,7
timeseries,59f307be1f0d6766995d0abe,2017-06-13T02:04:24.837Z,S2,6
timeseries,59f307be1f0d6766995d0abf,2017-06-14T02:04:24.837Z,S2,7
timeseries,59f307be1f0d6766995d0ac0,2017-06-15T02:04:24.837Z,S2,6
timeseries,59f307be1f0d6766995d0ac1,2017-06-16T02:04:24.837Z,S2,5
timeseries,59f307be1f0d6766995d0ac2,2017-06-17T02:04:24.837Z,S2,6
timeseries,59f307be1f0d6766995d0ac3,2017-06-18T02:04:24.837Z,S2,5
timeseries,59f307be1f0d6766995d0ac4,2017-06-19T02:04:24.837Z,S2,4
timeseries,59f307be1f0d6766995d0ac5,2017-06-20T02:04:24.837Z,S2,3
timeseries,59f307be1f0d6766995d0ac6,2017-06-21T02:04:24.837Z,S2,4
timeseries,59f307be1f0d6766995d0ac7,2017-06-22T02:04:24.837Z,S2,3
timeseries,59f307be1f0d6766995d0ac8,2017-06-23T02:04:24.837Z,S2,4
timeseries,59f307be1f0d6766995d0ac9,2017-06-24T02:04:24.837Z,S2,3
timeseries,59f307be1f0d6766995d0aca,2017-06-25T02:04:24.837Z,S2,4
timeseries,59f307be1f0d6766995d0acb,2017-06-26T02:04:24.837Z,S2,3
timeseries,59f307be1f0d6766995d0acc,2017-06-27T02:04:24.837Z,S2,2
timeseries,59f307be1f0d6766995d0acd,2017-06-28T02:04:24.837Z,S2,1
timeseries,59f307be1f0d6766995d0ace,2017-06-29T02:04:24.837Z,S2,2
timeseries,59f307be1f0d6766995d0acf,2017-06-30T02:04:24.837Z,S2,3
timeseries,59f307be1f0d6766995d0ad0,2017-07-01T02:04:24.837Z,S2,4
timeseries,59f307be1f0d6766995d0ad1,2017-07-02T02:04:24.837Z,S2,3
timeseries,59f307be1f0d6766995d0ad2,2017-07-03T02:04:24.837Z,S2,4
timeseries,59f307be1f0d6766995d0ad3,2017-07-04T02:04:24.837Z,S2,5
timeseries,59f307be1f0d6766995d0ad4,2017-07-05T02:04:24.837Z,S2,4
timeseries,59f307be1f0d6766995d0ad5,2017-07-06T02:04:24.837Z,S2,3
timeseries,59f307be1f0d6766995d0ad6,2017-07-07T02:04:24.837Z,S2,4
timeseries,59f307be1f0d6766995d0ad7,2017-07-08T02:04:24.837Z,S2,3
timeseries,59f307be1f0d6766995d0ad8,2017-07-09T02:04:24.837Z,S2,4
timeseries,59f307be1f0d6766995d0ad9,2017-07-10T02:04:24.837Z,S2,3
timeseries,59f307be1f0d6766995d0ada,2017-07-11T02:04:24.837Z,S2,2
timeseries,59f307be1f0d6766995d0adb,2017-07-12T02:04:24.837Z,S2,3
timeseries,59f307be1f0d6766995d0adc,2017-01-14T02:04:24.837Z,S3,46
timeseries,59f307be1f0d6766995d0add,2017-01-15T02:04:24.837Z,S3,44
timeseries,59f307be1f0d6766995d0ade,2017-01-16T02:04:24.837Z,S3,45
timeseries,59f307be1f0d6766995d0adf,2017-01-17T02:04:24.837Z,S3,44
timeseries,59f307be1f0d6766995d0ae0,2017-01-18T02:04:24.837Z,S3,45
timeseries,59f307be1f0d6766995d0ae1,2017-01-19T02:04:24.837Z,S3,48
timeseries,59f307be1f0d6766995d0ae2,2017-01-20T02:04:24.837Z,S3,45
timeseries,59f307be1f0d6766995d0ae3,2017-01-21T02:04:24.837Z,S3,44
timeseries,59f307be1f0d6766995d0ae4,2017-01-22T02:04:24.837Z,S3,49
timeseries,59f307be1f0d6766995d0ae5,2017-01-23T02:04:24.837Z,S3,48
timeseries,59f307be1f0d6766995d0ae6,2017-01-24T02:04:24.837Z,S3,43
timeseries,59f307be1f0d6766995d0ae7,2017-01-25T02:04:24.837Z,S3,40
timeseries,59f307be1f0d6766995d0ae8,2017-01-26T02:04:24.837Z,S3,37
timeseries,59f307be1f0d6766995d0ae9,2017-01-27T02:04:24.837Z,S3,39
timeseries,59f307be1f0d6766995d0aea,2017-01-28T02:04:24.837Z,S3,37
timeseries,59f307be1f0d6766995d0aeb,2017-01-29T02:04:24.837Z,S3,40
timeseries,59f307be1f0d6766995d0aec,2017-01-30T02:04:24.837Z,S3,36
timeseries,59f307be1f0d6766995d0aed,2017-01-31T02:04:24.837Z,S3,38
timeseries,59f307be1f0d6766995d0aee,2017-02-01T02:04:24.837Z,S3,36
timeseries,59f307be1f0d6766995d0aef,2017-02-02T02:04:24.837Z,S3,37
timeseries,59f307be1f0d6766995d0af0,2017-02-03T02:04:24.837Z,S3,38
timeseries,59f307be1f0d6766995d0af1,2017-02-04T02:04:24.837Z,S3,36
timeseries,59f307be1f0d6766995d0af2,2017-02-05T02:04:24.837Z,S3,34
timeseries,59f307be1f0d6766995d0af3,2017-02-06T02:04:24.837Z,S3,37
timeseries,59f307be1f0d6766995d0af4,2017-02-07T02:04:24.837Z,S3,35
timeseries,59f307be1f0d6766995d0af5,2017-02-08T02:04:24.837Z,S3,37
timeseries,59f307be1f0d6766995d0af6,2017-02-09T02:04:24.837Z,S3,34
timeseries,59f307be1f0d6766995d0af7,2017-02-10T02:04:24.837Z,S3,38
timeseries,59f307be1f0d6766995d0af8,2017-02-11T02:04:24.837Z,S3,37
timeseries,59f307be1f0d6766995d0af9,2017-02-12T02:04:24.837Z,S3,41
timeseries,59f307be1f0d6766995d0afa,2017-02-13T02:04:24.837Z,S3,38
timeseries,59f307be1f0d6766995d0afb,2017-02-14T02:04:24.837Z,S3,36
timeseries,59f307be1f0d6766995d0afc,2017-02-15T02:04:24.837Z,S3,35
timeseries,59f307be1f0d6766995d0afd,2017-02-16T02:04:24.837Z,S3,39
timeseries,59f307be1f0d6766995d0afe,2017-02-17T02:04:24.837Z,S3,36
timeseries,59f307be1f0d6766995d0aff,2017-02-18T02:04:24.837Z,S3,34
timeseries,59f307be1f0d6766995d0b00,2017-02-19T02:04:24.837Z,S3,35
timeseries,59f307be1f0d6766995d0b01,2017-02-20T02:04:24.837Z,S3,31
timeseries,59f307be1f0d6766995d0b02,2017-02-21T02:04:24.837Z,S3,29
timeseries,59f307be1f0d6766995d0b03,2017-02-22T02:04:24.837Z,S3,27
timeseries,59f307be1f0d6766995d0b04,2017-02-23T02:04:24.837Z,S3,26
timeseries,59f307be1f0d6766995d0b05,2017-02-24T02:04:24.837Z,S3,24
timeseries,59f307be1f0d6766995d0b06,2017-02-25T02:04:24.837Z,S3,27
timeseries,59f307be1f0d6766995d0b07,2017-02-26T02:04:24.837Z,S3,28
timeseries,59f307be1f0d6766995d0b08,2017-02-27T02:04:24.837Z,S3,26
timeseries,59f307be1f0d6766995d0b09,2017-02-28T02:04:24.837Z,S3,29
timeseries,59f307be1f0d6766995d0b0a,2017-03-01T02:04:24.837Z,S3,32
timeseries,59f307be1f0d6766995d0b0b,2017-03-02T02:04:24.837Z,S3,34
timeseries,59f307be1f0d6766995d0b0c,2017-03-03T02:04:24.837Z,S3,37
timeseries,59f307be1f0d6766995d0b0d,2017-03-04T02:04:24.837Z,S3,35
timeseries,59f307be1f0d6766995d0b0e,2017-03-05T02:04:24.837Z,S3,37
timeseries,59f307be1f0d6766995d0b0f,2017-03-06T02:04:24.837Z,S3,41
timeseries,59f307be1f0d6766995d0b10,2017-03-07T02:04:24.837Z,S3,46
timeseries,59f307be1f0d6766995d0b11,2017-03-08T02:04:24.837Z,S3,41
timeseries,59f307be1f0d6766995d0b12,2017-03-09T02:04:24.837Z,S3,37
timeseries,59f307be1f0d6766995d0b13,2017-03-10T02:04:24.837Z,S3,36
timeseries,59f307be1f0d6766995d0b14,2017-03-11T02:04:24.837Z,S3,32
timeseries,59f307be1f0d6766995d0b15,2017-03-12T02:04:24.837Z,S3,36
timeseries,59f307be1f0d6766995d0b16,2017-03-13T02:04:24.837Z,S3,32
timeseries,59f307be1f0d6766995d0b17,2017-03-14T02:04:24.837Z,S3,31
timeseries,59f307be1f0d6766995d0b18,2017-03-15T02:04:24.837Z,S3,33
timeseries,59f307be1f0d6766995d0b19,2017-03-16T02:04:24.837Z,S3,36
timeseries,59f307be1f0d6766995d0b1a,2017-03-17T02:04:24.837Z,S3,32
timeseries,59f307be1f0d6766995d0b1b,2017-03-18T02:04:24.837Z,S3,30
timeseries,59f307be1f0d6766995d0b1c,2017-03-19T02:04:24.837Z,S3,29
timeseries,59f307be1f0d6766995d0b1d,2017-03-20T02:04:24.837Z,S3,28
timeseries,59f307be1f0d6766995d0b1e,2017-03-21T02:04:24.837Z,S3,30
timeseries,59f307be1f0d6766995d0b1f,2017-03-22T02:04:24.837Z,S3,27
timeseries,59f307be1f0d6766995d0b20,2017-03-23T02:04:24.837Z,S3,29
timeseries,59f307be1f0d6766995d0b21,2017-03-24T02:04:24.837Z,S3,32
timeseries,59f307be1f0d6766995d0b22,2017-03-25T02:04:24.837Z,S3,35
timeseries,59f307be1f0d6766995d0b23,2017-03-26T02:04:24.837Z,S3,34
timeseries,59f307be1f0d6766995d0b24,2017-03-27T02:04:24.837Z,S3,36
timeseries,59f307be1f0d6766995d0b25,2017-03-28T02:04:24.837Z,S3,33
timeseries,59f307be1f0d6766995d0b26,2017-03-29T02:04:24.837Z,S3,37
timeseries,59f307be1f0d6766995d0b27,2017-03-30T02:04:24.837Z,S3,39
timeseries,59f307be1f0d6766995d0b28,2017-03-31T02:04:24.837Z,S3,35
timeseries,59f307be1f0d6766995d0b29,2017-04-01T02:04:24.837Z,S3,38
timeseries,59f307be1f0d6766995d0b2a,2017-04-02T02:04:24.837Z,S3,40
timeseries,59f307be1f0d6766995d0b2b,2017-04-03T02:04:24.837Z,S3,42
timeseries,59f307be1f0d6766995d0b2c,2017-04-04T02:04:24.837Z,S3,44
timeseries,59f307be1f0d6766995d0b2d,2017-04-05T02:04:24.837Z,S3,40
timeseries,59f307be1f0d6766995d0b2e,2017-04-06T02:04:24.837Z,S3,39
timeseries,59f307be1f0d6766995d0b2f,2017-04-07T02:04:24.837Z,S3,37
timeseries,59f307be1f0d6766995d0b30,2017-04-08T02:04:24.837Z,S3,40
timeseries,59f307be1f0d6766995d0b31,2017-04-09T02:04:24.837Z,S3,39
timeseries,59f307be1f0d6766995d0b32,2017-04-10T02:04:24.837Z,S3,35
timeseries,59f307be1f0d6766995d0b33,2017-04-11T02:04:24.837Z,S3,32
timeseries,59f307be1f0d6766995d0b34,2017-04-12T02:04:24.837Z,S3,31
timeseries,59f307be1f0d6766995d0b35,2017-04-13T02:04:24.837Z,S3,34
timeseries,59f307be1f0d6766995d0b36,2017-04-14T02:04:24.837Z,S3,37
timeseries,59f307be1f0d6766995d0b37,2017-04-15T02:04:24.837Z,S3,35
timeseries,59f307be1f0d6766995d0b38,2017-04-16T02:04:24.837Z,S3,37
timeseries,59f307be1f0d6766995d0b39,2017-04-17T02:04:24.837Z,S3,35
timeseries,59f307be1f0d6766995d0b3a,2017-04-18T02:04:24.837Z,S3,38
timeseries,59f307be1f0d6766995d0b3b,2017-04-19T02:04:24.837Z,S3,37
timeseries,59f307be1f0d6766995d0b3c,2017-04-20T02:04:24.837Z,S3,36
timeseries,59f307be1f0d6766995d0b3d,2017-04-21T02:04:24.837Z,S3,33
timeseries,59f307be1f0d6766995d0b3e,2017-04-22T02:04:24.837Z,S3,37
timeseries,59f307be1f0d6766995d0b3f,2017-04-23T02:04:24.837Z,S3,35
timeseries,59f307be1f0d6766995d0b40,2017-04-24T02:04:24.837Z,S3,36
timeseries,59f307be1f0d6766995d0b41,2017-04-25T02:04:24.837Z,S3,33
timeseries,59f307be1f0d6766995d0b42,2017-04-26T02:04:24.837Z,S3,32
timeseries,59f307be1f0d6766995d0b43,2017-04-27T02:04:24.837Z,S3,35
timeseries,59f307be1f0d6766995d0b44,2017-04-28T02:04:24.837Z,S3,37
timeseries,59f307be1f0d6766995d0b45,2017-04-29T02:04:24.837Z,S3,36
timeseries,59f307be1f0d6766995d0b46,2017-04-30T02:04:24.837Z,S3,38
timeseries,59f307be1f0d6766995d0b47,2017-05-01T02:04:24.837Z,S3,35
timeseries,59f307be1f0d6766995d0b48,2017-05-02T02:04:24.837Z,S3,37
timeseries,59f307be1f0d6766995d0b49,2017-05-03T02:04:24.837Z,S3,36
timeseries,59f307be1f0d6766995d0b4a,2017-05-04T02:04:24.837Z,S3,38
timeseries,59f307be1f0d6766995d0b4b,2017-05-05T02:04:24.837Z,S3,37
timeseries,59f307be1f0d6766995d0b4c,2017-05-06T02:04:24.837Z,S3,34
timeseries,59f307be1f0d6766995d0b4d,2017-05-07T02:04:24.837Z,S3,36
timeseries,59f307be1f0d6766995d0b4e,2017-05-08T02:04:24.837Z,S3,38
timeseries,59f307be1f0d6766995d0b4f,2017-05-09T02:04:24.837Z,S3,37
timeseries,59f307be1f0d6766995d0b50,2017-05-10T02:04:24.837Z,S3,39
timeseries,59f307be1f0d6766995d0b51,2017-05-11T02:04:24.837Z,S3,35
timeseries,59f307be1f0d6766995d0b52,2017-05-12T02:04:24.837Z,S3,38
timeseries,59f307be1f0d6766995d0b53,2017-05-13T02:04:24.837Z,S3,40
timeseries,59f307be1f0d6766995d0b54,2017-05-14T02:04:24.837Z,S3,36
timeseries,59f307be1f0d6766995d0b55,2017-05-15T02:04:24.837Z,S3,33
timeseries,59f307be1f0d6766995d0b56,2017-05-16T02:04:24.837Z,S3,36
timeseries,59f307be1f0d6766995d0b57,2017-05-17T02:04:24.837Z,S3,34
timeseries,59f307be1f0d6766995d0b58,2017-05-18T02:04:24.837Z,S3,31
timeseries,59f307be1f0d6766995d0b59,2017-05-19T02:04:24.837Z,S3,35
timeseries,59f307be1f0d6766995d0b5a,2017-05-20T02:04:24.837Z,S3,37
timeseries,59f307be1f0d6766995d0b5b,2017-05-21T02:04:24.837Z,S3,39
timeseries,59f307be1f0d6766995d0b5c,2017-05-22T02:04:24.837Z,S3,36
timeseries,59f307be1f0d6766995d0b5d,2017-05-23T02:04:24.837Z,S3,40
timeseries,59f307be1f0d6766995d0b5e,2017-05-24T02:04:24.837Z,S3,37
timeseries,59f307be1f0d6766995d0b5f,2017-05-25T02:04:24.837Z,S3,35
timeseries,59f307be1f0d6766995d0b60,2017-05-26T02:04:24.837Z,S3,33
timeseries,59f307be1f0d6766995d0b61,2017-05-27T02:04:24.837Z,S3,31
timeseries,59f307be1f0d6766995d0b62,2017-05-28T02:04:24.837Z,S3,28
timeseries,59f307be1f0d6766995d0b63,2017-05-29T02:04:24.837Z,S3,27
timeseries,59f307be1f0d6766995d0b64,2017-05-30T02:04:24.837Z,S3,29
timeseries,59f307be1f0d6766995d0b65,2017-05-31T02:04:24.837Z,S3,31
timeseries,59f307be1f0d6766995d0b66,2017-06-01T02:04:24.837Z,S3,35
timeseries,59f307be1f0d6766995d0b67,2017-06-02T02:04:24.837Z,S3,39
timeseries,59f307be1f0d6766995d0b68,2017-06-03T02:04:24.837Z,S3,35
timeseries,59f307be1f0d6766995d0b69,2017-06-04T02:04:24.837Z,S3,37
timeseries,59f307be1f0d6766995d0b6a,2017-06-05T02:04:24.837Z,S3,38
timeseries,59f307be1f0d6766995d0b6b,2017-06-06T02:04:24.837Z,S3,37
timeseries,59f307be1f0d6766995d0b6c,2017-06-07T02:04:24.837Z,S3,39
timeseries,59f307be1f0d6766995d0b6d,2017-06-08T02:04:24.837Z,S3,43
timeseries,59f307be1f0d6766995d0b6e,2017-06-09T02:04:24.837Z,S3,46
timeseries,59f307be1f0d6766995d0b6f,2017-06-10T02:04:24.837Z,S3,48
timeseries,59f307be1f0d6766995d0b70,2017-06-11T02:04:24.837Z,S3,50
timeseries,59f307be1f0d6766995d0b71,2017-06-12T02:04:24.837Z,S3,45
timeseries,59f307be1f0d6766995d0b72,2017-06-13T02:04:24.837Z,S3,44
timeseries,59f307be1f0d6766995d0b73,2017-06-14T02:04:24.837Z,S3,46
timeseries,59f307be1f0d6766995d0b74,2017-06-15T02:04:24.837Z,S3,41
timeseries,59f307be1f0d6766995d0b75,2017-06-16T02:04:24.837Z,S3,46
timeseries,59f307be1f0d6766995d0b76,2017-06-17T02:04:24.837Z,S3,51
timeseries,59f307be1f0d6766995d0b77,2017-06-18T02:04:24.837Z,S3,53
timeseries,59f307be1f0d6766995d0b78,2017-06-19T02:04:24.837Z,S3,55
timeseries,59f307be1f0d6766995d0b79,2017-06-20T02:04:24.837Z,S3,53
timeseries,59f307be1f0d6766995d0b7a,2017-06-21T02:04:24.837Z,S3,48
timeseries,59f307be1f0d6766995d0b7b,2017-06-22T02:04:24.837Z,S3,43
timeseries,59f307be1f0d6766995d0b7c,2017-06-23T02:04:24.837Z,S3,42
timeseries,59f307be1f0d6766995d0b7d,2017-06-24T02:04:24.837Z,S3,44
timeseries,59f307be1f0d6766995d0b7e,2017-06-25T02:04:24.837Z,S3,48
timeseries,59f307be1f0d6766995d0b7f,2017-06-26T02:04:24.837Z,S3,51
timeseries,59f307be1f0d6766995d0b80,2017-06-27T02:04:24.837Z,S3,57
timeseries,59f307be1f0d6766995d0b81,2017-06-28T02:04:24.837Z,S3,55
timeseries,59f307be1f0d6766995d0b82,2017-06-29T02:04:24.837Z,S3,60
timeseries,59f307be1f0d6766995d0b83,2017-06-30T02:04:24.837Z,S3,54
timeseries,59f307be1f0d6766995d0b84,2017-07-01T02:04:24.837Z,S3,60
timeseries,59f307be1f0d6766995d0b85,2017-07-02T02:04:24.837Z,S3,57
timeseries,59f307be1f0d6766995d0b86,2017-07-03T02:04:24.837Z,S3,51
timeseries,59f307be1f0d6766995d0b87,2017-07-04T02:04:24.837Z,S3,54
timeseries,59f307be1f0d6766995d0b88,2017-07-05T02:04:24.837Z,S3,56
timeseries,59f307be1f0d6766995d0b89,2017-07-06T02:04:24.837Z,S3,61
timeseries,59f307be1f0d6766995d0b8a,2017-07-07T02:04:24.837Z,S3,63
timeseries,59f307be1f0d6766995d0b8b,2017-07-08T02:04:24.837Z,S3,61
timeseries,59f307be1f0d6766995d0b8c,2017-07-09T02:04:24.837Z,S3,62
timeseries,59f307be1f0d6766995d0b8d,2017-07-10T02:04:24.837Z,S3,57
timeseries,59f307be1f0d6766995d0b8e,2017-07-11T02:04:24.837Z,S3,63
timeseries,59f307be1f0d6766995d0b8f,2017-07-12T02:04:24.837Z,S3,56
timeseries,59f307be1f0d6766995d0b90,2017-01-14T02:04:24.837Z,S4,45
timeseries,59f307be1f0d6766995d0b91,2017-01-15T02:04:24.837Z,S4,47
timeseries,59f307be1f0d6766995d0b92,2017-01-16T02:04:24.837Z,S4,52
timeseries,59f307be1f0d6766995d0b93,2017-01-17T02:04:24.837Z,S4,47
timeseries,59f307be1f0d6766995d0b94,2017-01-18T02:04:24.837Z,S4,48
timeseries,59f307be1f0d6766995d0b95,2017-01-19T02:04:24.837Z,S4,49
timeseries,59f307be1f0d6766995d0b96,2017-01-20T02:04:24.837Z,S4,54
timeseries,59f307be1f0d6766995d0b97,2017-01-21T02:04:24.837Z,S4,51
timeseries,59f307be1f0d6766995d0b98,2017-01-22T02:04:24.837Z,S4,46
timeseries,59f307be1f0d6766995d0b99,2017-01-23T02:04:24.837Z,S4,47
timeseries,59f307be1f0d6766995d0b9a,2017-01-24T02:04:24.837Z,S4,48
timeseries,59f307be1f0d6766995d0b9b,2017-01-25T02:04:24.837Z,S4,49
timeseries,59f307be1f0d6766995d0b9c,2017-01-26T02:04:24.837Z,S4,47
timeseries,59f307be1f0d6766995d0b9d,2017-01-27T02:04:24.837Z,S4,51
timeseries,59f307be1f0d6766995d0b9e,2017-01-28T02:04:24.837Z,S4,46
timeseries,59f307be1f0d6766995d0b9f,2017-01-29T02:04:24.837Z,S4,50
timeseries,59f307be1f0d6766995d0ba0,2017-01-30T02:04:24.837Z,S4,53
timeseries,59f307be1f0d6766995d0ba1,2017-01-31T02:04:24.837Z,S4,59
timeseries,59f307be1f0d6766995d0ba2,2017-02-01T02:04:24.837Z,S4,65
timeseries,59f307be1f0d6766995d0ba3,2017-02-02T02:04:24.837Z,S4,72
timeseries,59f307be1f0d6766995d0ba4,2017-02-03T02:04:24.837Z,S4,64
timeseries,59f307be1f0d6766995d0ba5,2017-02-04T02:04:24.837Z,S4,57
timeseries,59f307be1f0d6766995d0ba6,2017-02-05T02:04:24.837Z,S4,58
timeseries,59f307be1f0d6766995d0ba7,2017-02-06T02:04:24.837Z,S4,56
timeseries,59f307be1f0d6766995d0ba8,2017-02-07T02:04:24.837Z,S4,62
timeseries,59f307be1f0d6766995d0ba9,2017-02-08T02:04:24.837Z,S4,56
timeseries,59f307be1f0d6766995d0baa,2017-02-09T02:04:24.837Z,S4,61
timeseries,59f307be1f0d6766995d0bab,2017-02-10T02:04:24.837Z,S4,54
timeseries,59f307be1f0d6766995d0bac,2017-02-11T02:04:24.837Z,S4,60
timeseries,59f307be1f0d6766995d0bad,2017-02-12T02:04:24.837Z,S4,63
timeseries,59f307be1f0d6766995d0bae,2017-02-13T02:04:24.837Z,S4,59
timeseries,59f307be1f0d6766995d0baf,2017-02-14T02:04:24.837Z,S4,56
timeseries,59f307be1f0d6766995d0bb0,2017-02-15T02:04:24.837Z,S4,50
timeseries,59f307be1f0d6766995d0bb1,2017-02-16T02:04:24.837Z,S4,46
timeseries,59f307be1f0d6766995d0bb2,2017-02-17T02:04:24.837Z,S4,41
timeseries,59f307be1f0d6766995d0bb3,2017-02-18T02:04:24.837Z,S4,44
timeseries,59f307be1f0d6766995d0bb4,2017-02-19T02:04:24.837Z,S4,40
timeseries,59f307be1f0d6766995d0bb5,2017-02-20T02:04:24.837Z,S4,38
timeseries,59f307be1f0d6766995d0bb6,2017-02-21T02:04:24.837Z,S4,39
timeseries,59f307be1f0d6766995d0bb7,2017-02-22T02:04:24.837Z,S4,43
timeseries,59f307be1f0d6766995d0bb8,2017-02-23T02:04:24.837Z,S4,47
timeseries,59f307be1f0d6766995d0bb9,2017-02-24T02:04:24.837Z,S4,43
timeseries,59f307be1f0d6766995d0bba,2017-02-25T02:04:24.837Z,S4,44
timeseries,59f307be1f0d6766995d0bbb,2017-02-26T02:04:24.837Z,S4,40
timeseries,59f307be1f0d6766995d0bbc,2017-02-27T02:04:24.837Z,S4,39
timeseries,59f307be1f0d6766995d0bbd,2017-02-28T02:04:24.837Z,S4,38
timeseries,59f307be1f0d6766995d0bbe,2017-03-01T02:04:24.837Z,S4,35
timeseries,59f307be1f0d6766995d0bbf,2017-03-02T02:04:24.837Z,S4,33
timeseries,59f307be1f0d6766995d0bc0,2017-03-03T02:04:24.837Z,S4,32
timeseries,59f307be1f0d6766995d0bc1,2017-03-04T02:04:24.837Z,S4,30
timeseries,59f307be1f0d6766995d0bc2,2017-03-05T02:04:24.837Z,S4,32
timeseries,59f307be1f0d6766995d0bc3,2017-03-06T02:04:24.837Z,S4,31
timeseries,59f307be1f0d6766995d0bc4,2017-03-07T02:04:24.837Z,S4,35
timeseries,59f307be1f0d6766995d0bc5,2017-03-08T02:04:24.837Z,S4,33
timeseries,59f307be1f0d6766995d0bc6,2017-03-09T02:04:24.837Z,S4,32
timeseries,59f307be1f0d6766995d0bc7,2017-03-10T02:04:24.837Z,S4,30
timeseries,59f307be1f0d6766995d0bc8,2017-03-11T02:04:24.837Z,S4,28
timeseries,59f307be1f0d6766995d0bc9,2017-03-12T02:04:24.837Z,S4,31
timeseries,59f307be1f0d6766995d0bca,2017-03-13T02:04:24.837Z,S4,30
timeseries,59f307be1f0d6766995d0bcb,2017-03-14T02:04:24.837Z,S4,27
timeseries,59f307be1f0d6766995d0bcc,2017-03-15T02:04:24.837Z,S4,26
timeseries,59f307be1f0d6766995d0bcd,2017-03-16T02:04:24.837Z,S4,29
timeseries,59f307be1f0d6766995d0bce,2017-03-17T02:04:24.837Z,S4,31
timeseries,59f307be1f0d6766995d0bcf,2017-03-18T02:04:24.837Z,S4,34
timeseries,59f307be1f0d6766995d0bd0,2017-03-19T02:04:24.837Z,S4,32
timeseries,59f307be1f0d6766995d0bd1,2017-03-20T02:04:24.837Z,S4,34
timeseries,59f307be1f0d6766995d0bd2,2017-03-21T02:04:24.837Z,S4,36
timeseries,59f307be1f0d6766995d0bd3,2017-03-22T02:04:24.837Z,S4,38
timeseries,59f307be1f0d6766995d0bd4,2017-03-23T02:04:24.837Z,S4,40
timeseries,59f307be1f0d6766995d0bd5,2017-03-24T02:04:24.837Z,S4,43
timeseries,59f307be1f0d6766995d0bd6,2017-03-25T02:04:24.837Z,S4,47
timeseries,59f307be1f0d6766995d0bd7,2017-03-26T02:04:24.837Z,S4,50
timeseries,59f307be1f0d6766995d0bd8,2017-03-27T02:04:24.837Z,S4,55
timeseries,59f307be1f0d6766995d0bd9,2017-03-28T02:04:24.837Z,S4,53
timeseries,59f307be1f0d6766995d0bda,2017-03-29T02:04:24.837Z,S4,47
timeseries,59f307be1f0d6766995d0bdb,2017-03-30T02:04:24.837Z,S4,51
timeseries,59f307be1f0d6766995d0bdc,2017-03-31T02:04:24.837Z,S4,56
timeseries,59f307be1f0d6766995d0bdd,2017-04-01T02:04:24.837Z,S4,62
timeseries,59f307be1f0d6766995d0bde,2017-04-02T02:04:24.837Z,S4,57
timeseries,59f307be1f0d6766995d0bdf,2017-04-03T02:04:24.837Z,S4,53
timeseries,59f307be1f0d6766995d0be0,2017-04-04T02:04:24.837Z,S4,59
timeseries,59f307be1f0d6766995d0be1,2017-04-05T02:04:24.837Z,S4,55
timeseries,59f307be1f0d6766995d0be2,2017-04-06T02:04:24.837Z,S4,52
timeseries,59f307be1f0d6766995d0be3,2017-04-07T02:04:24.837Z,S4,49
timeseries,59f307be1f0d6766995d0be4,2017-04-08T02:04:24.837Z,S4,54
timeseries,59f307be1f0d6766995d0be5,2017-04-09T02:04:24.837Z,S4,52
timeseries,59f307be1f0d6766995d0be6,2017-04-10T02:04:24.837Z,S4,46
timeseries,59f307be1f0d6766995d0be7,2017-04-11T02:04:24.837Z,S4,48
timeseries,59f307be1f0d6766995d0be8,2017-04-12T02:04:24.837Z,S4,50
timeseries,59f307be1f0d6766995d0be9,2017-04-13T02:04:24.837Z,S4,48
timeseries,59f307be1f0d6766995d0bea,2017-04-14T02:04:24.837Z,S4,50
timeseries,59f307be1f0d6766995d0beb,2017-04-15T02:04:24.837Z,S4,48
timeseries,59f307be1f0d6766995d0bec,2017-04-16T02:04:24.837Z,S4,45
timeseries,59f307be1f0d6766995d0bed,2017-04-17T02:04:24.837Z,S4,42
timeseries,59f307be1f0d6766995d0bee,2017-04-18T02:04:24.837Z,S4,37
timeseries,59f307be1f0d6766995d0bef,2017-04-19T02:04:24.837Z,S4,36
timeseries,59f307be1f0d6766995d0bf0,2017-04-20T02:04:24.837Z,S4,35
timeseries,59f307be1f0d6766995d0bf1,2017-04-21T02:04:24.837Z,S4,31
timeseries,59f307be1f0d6766995d0bf2,2017-04-22T02:04:24.837Z,S4,33
timeseries,59f307be1f0d6766995d0bf3,2017-04-23T02:04:24.837Z,S4,31
timeseries,59f307be1f0d6766995d0bf4,2017-04-24T02:04:24.837Z,S4,30
timeseries,59f307be1f0d6766995d0bf5,2017-04-25T02:04:24.837Z,S4,31
timeseries,59f307be1f0d6766995d0bf6,2017-04-26T02:04:24.837Z,S4,30
timeseries,59f307be1f0d6766995d0bf7,2017-04-27T02:04:24.837Z,S4,29
timeseries,59f307be1f0d6766995d0bf8,2017-04-28T02:04:24.837Z,S4,28
timeseries,59f307be1f0d6766995d0bf9,2017-04-29T02:04:24.837Z,S4,31
timeseries,59f307be1f0d6766995d0bfa,2017-04-30T02:04:24.837Z,S4,28
timeseries,59f307be1f0d6766995d0bfb,2017-05-01T02:04:24.837Z,S4,26
timeseries,59f307be1f0d6766995d0bfc,2017-05-02T02:04:24.837Z,S4,25
timeseries,59f307be1f0d6766995d0bfd,2017-05-03T02:04:24.837Z,S4,23
timeseries,59f307be1f0d6766995d0bfe,2017-05-04T02:04:24.837Z,S4,20
timeseries,59f307be1f0d6766995d0bff,2017-05-05T02:04:24.837Z,S4,21
timeseries,59f307be1f0d6766995d0c00,2017-05-06T02:04:24.837Z,S4,22
timeseries,59f307be1f0d6766995d0c01,2017-05-07T02:04:24.837Z,S4,20
timeseries,59f307be1f0d6766995d0c02,2017-05-08T02:04:24.837Z,S4,19
timeseries,59f307be1f0d6766995d0c03,2017-05-09T02:04:24.837Z,S4,21
timeseries,59f307be1f0d6766995d0c04,2017-05-10T02:04:24.837Z,S4,20
timeseries,59f307be1f0d6766995d0c05,2017-05-11T02:04:24.837Z,S4,22
timeseries,59f307be1f0d6766995d0c06,2017-05-12T02:04:24.837Z,S4,20
timeseries,59f307be1f0d6766995d0c07,2017-05-13T02:04:24.837Z,S4,22
timeseries,59f307be1f0d6766995d0c08,2017-05-14T02:04:24.837Z,S4,20
timeseries,59f307be1f0d6766995d0c09,2017-05-15T02:04:24.837Z,S4,19
timeseries,59f307be1f0d6766995d0c0a,2017-05-16T02:04:24.837Z,S4,18
timeseries,59f307be1f0d6766995d0c0b,2017-05-17T02:04:24.837Z,S4,19
timeseries,59f307be1f0d6766995d0c0c,2017-05-18T02:04:24.837Z,S4,20
timeseries,59f307be1f0d6766995d0c0d,2017-05-19T02:04:24.837Z,S4,21
timeseries,59f307be1f0d6766995d0c0e,2017-05-20T02:04:24.837Z,S4,23
timeseries,59f307be1f0d6766995d0c0f,2017-05-21T02:04:24.837Z,S4,25
timeseries,59f307be1f0d6766995d0c10,2017-05-22T02:04:24.837Z,S4,24
timeseries,59f307be1f0d6766995d0c11,2017-05-23T02:04:24.837Z,S4,21
timeseries,59f307be1f0d6766995d0c12,2017-05-24T02:04:24.837Z,S4,22
timeseries,59f307be1f0d6766995d0c13,2017-05-25T02:04:24.837Z,S4,24
timeseries,59f307be1f0d6766995d0c14,2017-05-26T02:04:24.837Z,S4,26
timeseries,59f307be1f0d6766995d0c15,2017-05-27T02:04:24.837Z,S4,28
timeseries,59f307be1f0d6766995d0c16,2017-05-28T02:04:24.837Z,S4,31
timeseries,59f307be1f0d6766995d0c17,2017-05-29T02:04:24.837Z,S4,34
timeseries,59f307be1f0d6766995d0c18,2017-05-30T02:04:24.837Z,S4,32
timeseries,59f307be1f0d6766995d0c19,2017-05-31T02:04:24.837Z,S4,31
timeseries,59f307be1f0d6766995d0c1a,2017-06-01T02:04:24.837Z,S4,28
timeseries,59f307be1f0d6766995d0c1b,2017-06-02T02:04:24.837Z,S4,26
timeseries,59f307be1f0d6766995d0c1c,2017-06-03T02:04:24.837Z,S4,25
timeseries,59f307be1f0d6766995d0c1d,2017-06-04T02:04:24.837Z,S4,28
timeseries,59f307be1f0d6766995d0c1e,2017-06-05T02:04:24.837Z,S4,26
timeseries,59f307be1f0d6766995d0c1f,2017-06-06T02:04:24.837Z,S4,23
timeseries,59f307be1f0d6766995d0c20,2017-06-07T02:04:24.837Z,S4,22
timeseries,59f307be1f0d6766995d0c21,2017-06-08T02:04:24.837Z,S4,20
timeseries,59f307be1f0d6766995d0c22,2017-06-09T02:04:24.837Z,S4,19
timeseries,59f307be1f0d6766995d0c23,2017-06-10T02:04:24.837Z,S4,21
timeseries,59f307be1f0d6766995d0c24,2017-06-11T02:04:24.837Z,S4,22
timeseries,59f307be1f0d6766995d0c25,2017-06-12T02:04:24.837Z,S4,23
timeseries,59f307be1f0d6766995d0c26,2017-06-13T02:04:24.837Z,S4,22
timeseries,59f307be1f0d6766995d0c27,2017-06-14T02:04:24.837Z,S4,24
timeseries,59f307be1f0d6766995d0c28,2017-06-15T02:04:24.837Z,S4,21
timeseries,59f307be1f0d6766995d0c29,2017-06-16T02:04:24.837Z,S4,18
timeseries,59f307be1f0d6766995d0c2a,2017-06-17T02:04:24.837Z,S4,17
timeseries,59f307be1f0d6766995d0c2b,2017-06-18T02:04:24.837Z,S4,19
timeseries,59f307be1f0d6766995d0c2c,2017-06-19T02:04:24.837Z,S4,20
timeseries,59f307be1f0d6766995d0c2d,2017-06-20T02:04:24.837Z,S4,19
timeseries,59f307be1f0d6766995d0c2e,2017-06-21T02:04:24.837Z,S4,17
timeseries,59f307be1f0d6766995d0c2f,2017-06-22T02:04:24.837Z,S4,15
timeseries,59f307be1f0d6766995d0c30,2017-06-23T02:04:24.837Z,S4,17
timeseries,59f307be1f0d6766995d0c31,2017-06-24T02:04:24.837Z,S4,16
timeseries,59f307be1f0d6766995d0c32,2017-06-25T02:04:24.837Z,S4,18
timeseries,59f307be1f0d6766995d0c33,2017-06-26T02:04:24.837Z,S4,17
timeseries,59f307be1f0d6766995d0c34,2017-06-27T02:04:24.837Z,S4,16
timeseries,59f307be1f0d6766995d0c35,2017-06-28T02:04:24.837Z,S4,15
timeseries,59f307be1f0d6766995d0c36,2017-06-29T02:04:24.837Z,S4,16
timeseries,59f307be1f0d6766995d0c37,2017-06-30T02:04:24.837Z,S4,14
timeseries,59f307be1f0d6766995d0c38,2017-07-01T02:04:24.837Z,S4,13
timeseries,59f307be1f0d6766995d0c39,2017-07-02T02:04:24.837Z,S4,15
timeseries,59f307be1f0d6766995d0c3a,2017-07-03T02:04:24.837Z,S4,13
timeseries,59f307be1f0d6766995d0c3b,2017-07-04T02:04:24.837Z,S4,12
timeseries,59f307be1f0d6766995d0c3c,2017-07-05T02:04:24.837Z,S4,11
timeseries,59f307be1f0d6766995d0c3d,2017-07-06T02:04:24.837Z,S4,10
timeseries,59f307be1f0d6766995d0c3e,2017-07-07T02:04:24.837Z,S4,9
timeseries,59f307be1f0d6766995d0c3f,2017-07-08T02:04:24.837Z,S4,10
timeseries,59f307be1f0d6766995d0c40,2017-07-09T02:04:24.837Z,S4,9
timeseries,59f307be1f0d6766995d0c41,2017-07-10T02:04:24.837Z,S4,8
timeseries,59f307be1f0d6766995d0c42,2017-07-11T02:04:24.837Z,S4,7
timeseries,59f307be1f0d6766995d0c43,2017-07-12T02:04:24.837Z,S4,8