[
{ "seriesOne": "one-one", "seriesTwo": "two-one", "seriesThree": "three-one", "seriesFour": "four-one", "measureOne": 59.0, "measureTwo": 97.0, "measureThree": 53.0, "measureFour": 71.0 },
{ "seriesOne": "one-one", "seriesTwo": "two-one", "seriesThree": "three-one", "seriesFour": "four-two", "measureOne": 60.0, "measureTwo": 48.0, "measureThree": 41.0, "measureFour": 10.0 },
{ "seriesOne": "one-one", "seriesTwo": "two-one", "seriesThree": "three-one", "seriesFour": "four-three", "measureOne": 78.0, "measureTwo": 85.0, "measureThree": 76.0, "measureFour": 64.0 },
{ "seriesOne": "one-one", "seriesTwo": "two-one", "seriesThree": "three-one", "seriesFour": "four-four", "measureOne": 14.0, "measureTwo": 31.0, "measureThree": 13.0, "measureFour": 96.0 },
{ "seriesOne": "one-one", "seriesTwo": "two-one", "seriesThree": "three-two", "seriesFour": "four-one", "measureOne": 9.0, "measureTwo": 59.0, "measureThree": 15.0, "measureFour": 27.0 },
{ "seriesOne": "one-one", "seriesTwo": "two-one", "seriesThree": "three-two", "seriesFour": "four-two", "measureOne": 38.0, "measureTwo": 43.0, "measureThree": 34.0, "measureFour": 32.0 },
{ "seriesOne": "one-one", "seriesTwo": "two-one", "seriesThree": "three-two", "seriesFour": "four-three", "measureOne": 4.0, "measureTwo": 3.0, "measureThree": 45.0, "measureFour": 38.0 },
{ "seriesOne": "one-one", "seriesTwo": "two-one", "seriesThree": "three-two", "seriesFour": "four-four", "measureOne": 47.0, "measureTwo": 40.0, "measureThree": 50.0, "measureFour": 10.0 },
{ "seriesOne": "one-one", "seriesTwo": "two-one", "seriesThree": "three-three", "seriesFour": "four-one", "measureOne": 69.0, "measureTwo": 41.0, "measureThree": 59.0, "measureFour": 14.0 },
{ "seriesOne": "one-one", "seriesTwo": "two-one", "seriesThree": "three-three", "seriesFour": "four-two", "measureOne": 95.0, "measureTwo": 96.0, "measureThree": 91.0, "measureFour": 54.0 },
{ "seriesOne": "one-one", "seriesTwo": "two-one", "seriesThree": "three-three", "seriesFour": "four-three", "measureOne": 94.0, "measureTwo": 43.0, "measureThree": 23.0, "measureFour": 25.0 },
{ "seriesOne": "one-one", "seriesTwo": "two-one", "seriesThree": "three-three", "seriesFour": "four-four", "measureOne": 70.0, "measureTwo": 25.0, "measureThree": 52.0, "measureFour": 1.0 },
{ "seriesOne": "one-one", "seriesTwo": "two-one", "seriesThree": "three-four", "seriesFour": "four-one", "measureOne": 56.0, "measureTwo": 0.0, "measureThree": 21.0, "measureFour": 37.0 },
{ "seriesOne": "one-one", "seriesTwo": "two-one", "seriesThree": "three-four", "seriesFour": "four-two", "measureOne": 46.0, "measureTwo": 21.0, "measureThree": 79.0, "measureFour": 35.0 },
{ "seriesOne": "one-one", "seriesTwo": "two-one", "seriesThree": "three-four", "seriesFour": "four-three", "measureOne": 38.0, "measureTwo": 5.0, "measureThree": 25.0, "measureFour": 75.0 },
{ "seriesOne": "one-one", "seriesTwo": "two-one", "seriesThree": "three-four", "seriesFour": "four-four", "measureOne": 99.0, "measureTwo": 27.0, "measureThree": 54.0, "measureFour": 2.0 },
{ "seriesOne": "one-one", "seriesTwo": "two-two", "seriesThree": "three-one", "seriesFour": "four-one", "measureOne": 84.0, "measureTwo": 22.0, "measureThree": 94.0, "measureFour": 11.0 },
{ "seriesOne": "one-one", "seriesTwo": "two-two", "seriesThree": "three-one", "seriesFour": "four-two", "measureOne": 93.0, "measureTwo": 64.0, "measureThree": 62.0, "measureFour": 33.0 },
{ "seriesOne": "one-one", "seriesTwo": "two-two", "seriesThree": "three-one", "seriesFour": "four-three", "measureOne": 7.0, "measureTwo": 65.0, "measureThree": 3.0, "measureFour": 13.0 },
{ "seriesOne": "one-one", "seriesTwo": "two-two", "seriesThree": "three-one", "seriesFour": "four-four", "measureOne": 1.0, "measureTwo": 93.0, "measureThree": 15.0, "measureFour": 95.0 },
{ "seriesOne": "one-one", "seriesTwo": "two-two", "seriesThree": "three-two", "seriesFour": "four-one", "measureOne": 42.0, "measureTwo": 42.0, "measureThree": 14.0, "measureFour": 53.0 },
{ "seriesOne": "one-one", "seriesTwo": "two-two", "seriesThree": "three-two", "seriesFour": "four-two", "measureOne": 40.0, "measureTwo": 57.0, "measureThree": 91.0, "measureFour": 59.0 },
{ "seriesOne": "one-one", "seriesTwo": "two-two", "seriesThree": "three-two", "seriesFour": "four-three", "measureOne": 10.0, "measureTwo": 17.0, "measureThree": 42.0, "measureFour": 28.0 },
{ "seriesOne": "one-one", "seriesTwo": "two-two", "seriesThree": "three-two", "seriesFour": "four-four", "measureOne": 63.0, "measureTwo": 48.0, "measureThree": 58.0, "measureFour": 87.0 },
{ "seriesOne": "one-one", "seriesTwo": "two-two", "seriesThree": "three-three", "seriesFour": "four-one", "measureOne": 97.0, "measureTwo": 82.0, "measureThree": 69.0, "measureFour": 14.0 },
{ "seriesOne": "one-one", "seriesTwo": "two-two", "seriesThree": "three-three", "seriesFour": "four-two", "measureOne": 2.0, "measureTwo": 4.0, "measureThree": 53.0, "measureFour": 4.0 },
{ "seriesOne": "one-one", "seriesTwo": "two-two", "seriesThree": "three-three", "seriesFour": "four-three", "measureOne": 25.0, "measureTwo": 32.0, "measureThree": 79.0, "measureFour": 31.0 },
{ "seriesOne": "one-one", "seriesTwo": "two-two", "seriesThree": "three-three", "seriesFour": "four-four", "measureOne": 69.0, "measureTwo": 89.0, "measureThree": 68.0, "measureFour": 78.0 },
{ "seriesOne": "one-one", "seriesTwo": "two-two", "seriesThree": "three-four", "seriesFour": "four-one", "measureOne": 91.0, "measureTwo": 24.0, "measureThree": 45.0, "measureFour": 27.0 },
{ "seriesOne": "one-one", "seriesTwo": "two-two", "seriesThree": "three-four", "seriesFour": "four-two", "measureOne": 6.0, "measureTwo": 25.0, "measureThree": 17.0, "measureFour": 67.0 },
{ "seriesOne": "one-one", "seriesTwo": "two-two", "seriesThree": "three-four", "seriesFour": "four-three", "measureOne": 55.0, "measureTwo": 91.0, "measureThree": 4.0, "measureFour": 84.0 },
{ "seriesOne": "one-one", "seriesTwo": "two-two", "seriesThree": "three-four", "seriesFour": "four-four", "measureOne": 78.0, "measureTwo": 65.0, "measureThree": 82.0, "measureFour": 57.0 },
{ "seriesOne": "one-one", "seriesTwo": "two-three", "seriesThree": "three-one", "seriesFour": "four-one", "measureOne": 8.0, "measureTwo": 51.0, "measureThree": 26.0, "measureFour": 7.0 },
{ "seriesOne": "one-one", "seriesTwo": "two-three", "seriesThree": "three-one", "seriesFour": "four-two", "measureOne": 83.0, "measureTwo": 81.0, "measureThree": 5.0, "measureFour": 72.0 },
{ "seriesOne": "one-one", "seriesTwo": "two-three", "seriesThree": "three-one", "seriesFour": "four-three", "measureOne": 47.0, "measureTwo": 66.0, "measureThree": 94.0, "measureFour": 90.0 },
{ "seriesOne": "one-one", "seriesTwo": "two-three", "seriesThree": "three-one", "seriesFour": "four-four", "measureOne": 70.0, "measureTwo": 73.0, "measureThree": 28.0, "measureFour": 59.0 },
{ "seriesOne": "one-one", "seriesTwo": "two-three", "seriesThree": "three-two", "seriesFour": "four-one", "measureOne": 49.0, "measureTwo": 96.0, "measureThree": 18.0, "measureFour": 95.0 },
{ "seriesOne": "one-one", "seriesTwo": "two-three", "seriesThree": "three-two", "seriesFour": "four-two", "measureOne": 38.0, "measureTwo": 88.0, "measureThree": 59.0, "measureFour": 43.0 },
{ "seriesOne": "one-one", "seriesTwo": "two-three", "seriesThree": "three-two", "seriesFour": "four-three", "measureOne": 45.0, "measureTwo": 30.0, "measureThree": 31.0, "measureFour": 94.0 },
{ "seriesOne": "one-one", "seriesTwo": "two-three", "seriesThree": "three-two", "seriesFour": "four-four", "measureOne": 1.0, "measureTwo": 9.0, "measureThree": 73.0, "measureFour": 33.0 },
{ "seriesOne": "one-one", "seriesTwo": "two-three", "seriesThree": "three-three", "seriesFour": "four-one", "measureOne": 33.0, "measureTwo": 91.0, "measureThree": 31.0, "measureFour": 30.0 },
{ "seriesOne": "one-one", "seriesTwo": "two-three", "seriesThree": "three-three", "seriesFour": "four-two", "measureOne": 21.0, "measureTwo": 68.0, "measureThree": 89.0, "measureFour": 95.0 },
{ "seriesOne": "one-one", "seriesTwo": "two-three", "seriesThree": "three-three", "seriesFour": "four-three", "measureOne": 94.0, "measureTwo": 90.0, "measureThree": 5.0, "measureFour": 69.0 },
{ "seriesOne": "one-one", "seriesTwo": "two-three", "seriesThree": "three-three", "seriesFour": "four-four", "measureOne": 58.0, "measureTwo": 30.0, "measureThree": 54.0, "measureFour": 34.0 },
{ "seriesOne": "one-one", "seriesTwo": "two-three", "seriesThree": "three-four", "seriesFour": "four-one", "measureOne": 25.0, "measureTwo": 9.0, "measureThree": 73.0, "measureFour": 22.0 },
{ "seriesOne": "one-one", "seriesTwo": "two-three", "seriesThree": "three-four", "seriesFour": "four-two", "measureOne": 40.0, "measureTwo": 90.0, "measureThree": 73.0, "measureFour": 82.0 },
{ "seriesOne": "one-one", "seriesTwo": "two-three", "seriesThree": "three-four", "seriesFour": "four-three", "measureOne": 77.0, "measureTwo": 20.0, "measureThree": 57.0, "measureFour": 69.0 },
{ "seriesOne": "one-one", "seriesTwo": "two-three", "seriesThree": "three-four", "seriesFour": "four-four", "measureOne": 63.0, "measureTwo": 56.0, "measureThree": 97.0, "measureFour": 87.0 },
{ "seriesOne": "one-one", "seriesTwo": "two-four", "seriesThree": "three-one", "seriesFour": "four-one", "measureOne": 96.0, "measureTwo": 16.0, "measureThree": 36.0, "measureFour": 74.0 },
{ "seriesOne": "one-one", "seriesTwo": "two-four", "seriesThree": "three-one", "seriesFour": "four-two", "measureOne": 48.0, "measureTwo": 78.0, "measureThree": 87.0, "measureFour": 32.0 },
{ "seriesOne": "one-one", "seriesTwo": "two-four", "seriesThree": "three-one", "seriesFour": "four-three", "measureOne": 72.0, "measureTwo": 49.0, "measureThree": 25.0, "measureFour": 5.0 },
{ "seriesOne": "one-one", "seriesTwo": "two-four", "seriesThree": "three-one", "seriesFour": "four-four", "measureOne": 49.0, "measureTwo": 30.0, "measureThree": 70.0, "measureFour": 23.0 },
{ "seriesOne": "one-one", "seriesTwo": "two-four", "seriesThree": "three-two", "seriesFour": "four-one", "measureOne": 33.0, "measureTwo": 39.0, "measureThree": 56.0, "measureFour": 31.0 },
{ "seriesOne": "one-one", "seriesTwo": "two-four", "seriesThree": "three-two", "seriesFour": "four-two", "measureOne": 96.0, "measureTwo": 50.0, "measureThree": 67.0, "measureFour": 61.0 },
{ "seriesOne": "one-one", "seriesTwo": "two-four", "seriesThree": "three-two", "seriesFour": "four-three", "measureOne": 56.0, "measureTwo": 77.0, "measureThree": 23.0, "measureFour": 43.0 },
{ "seriesOne": "one-one", "seriesTwo": "two-four", "seriesThree": "three-two", "seriesFour": "four-four", "measureOne": 85.0, "measureTwo": 31.0, "measureThree": 74.0, "measureFour": 48.0 },
{ "seriesOne": "one-one", "seriesTwo": "two-four", "seriesThree": "three-three", "seriesFour": "four-one", "measureOne": 42.0, "measureTwo": 69.0, "measureThree": 32.0, "measureFour": 23.0 },
{ "seriesOne": "one-one", "seriesTwo": "two-four", "seriesThree": "three-three", "seriesFour": "four-two", "measureOne": 32.0, "measureTwo": 78.0, "measureThree": 83.0, "measureFour": 53.0 },
{ "seriesOne": "one-one", "seriesTwo": "two-four", "seriesThree": "three-three", "seriesFour": "four-three", "measureOne": 28.0, "measureTwo": 54.0, "measureThree": 38.0, "measureFour": 61.0 },
{ "seriesOne": "one-one", "seriesTwo": "two-four", "seriesThree": "three-three", "seriesFour": "four-four", "measureOne": 26.0, "measureTwo": 59.0, "measureThree": 98.0, "measureFour": 63.0 },
{ "seriesOne": "one-one", "seriesTwo": "two-four", "seriesThree": "three-four", "seriesFour": "four-one", "measureOne": 23.0, "measureTwo": 64.0, "measureThree": 34.0, "measureFour": 63.0 },
{ "seriesOne": "one-one", "seriesTwo": "two-four", "seriesThree": "three-four", "seriesFour": "four-two", "measureOne": 27.0, "measureTwo": 57.0, "measureThree": 96.0, "measureFour": 17.0 },
{ "seriesOne": "one-one", "seriesTwo": "two-four", "seriesThree": "three-four", "seriesFour": "four-three", "measureOne": 6.0, "measureTwo": 69.0, "measureThree": 50.0, "measureFour": 52.0 },
{ "seriesOne": "one-one", "seriesTwo": "two-four", "seriesThree": "three-four", "seriesFour": "four-four", "measureOne": 97.0, "measureTwo": 85.0, "measureThree": 66.0, "measureFour": 22.0 },
{ "seriesOne": "one-two", "seriesTwo": "two-one", "seriesThree": "three-one", "seriesFour": "four-one", "measureOne": 98.0, "measureTwo": 85.0, "measureThree": 40.0, "measureFour": 49.0 },
{ "seriesOne": "one-two", "seriesTwo": "two-one", "seriesThree": "three-one", "seriesFour": "four-two", "measureOne": 45.0, "measureTwo": 34.0, "measureThree": 13.0, "measureFour": 78.0 },
{ "seriesOne": "one-two", "seriesTwo": "two-one", "seriesThree": "three-one", "seriesFour": "four-three", "measureOne": 17.0, "measureTwo": 13.0, "measureThree": 51.0, "measureFour": 49.0 },
{ "seriesOne": "one-two", "seriesTwo": "two-one", "seriesThree": "three-one", "seriesFour": "four-four", "measureOne": 89.0, "measureTwo": 58.0, "measureThree": 31.0, "measureFour": 6.0 },
{ "seriesOne": "one-two", "seriesTwo": "two-one", "seriesThree": "three-two", "seriesFour": "four-one", "measureOne": 29.0, "measureTwo": 96.0, "measureThree": 34.0, "measureFour": 32.0 },
{ "seriesOne": "one-two", "seriesTwo": "two-one", "seriesThree": "three-two", "seriesFour": "four-two", "measureOne": 36.0, "measureTwo": 70.0, "measureThree": 72.0, "measureFour": 90.0 },
{ "seriesOne": "one-two", "seriesTwo": "two-one", "seriesThree": "three-two", "seriesFour": "four-three", "measureOne": 25.0, "measureTwo": 26.0, "measureThree": 98.0, "measureFour": 18.0 },
{ "seriesOne": "one-two", "seriesTwo": "two-one", "seriesThree": "three-two", "seriesFour": "four-four", "measureOne": 58.0, "measureTwo": 62.0, "measureThree": 84.0, "measureFour": 85.0 },
{ "seriesOne": "one-two", "seriesTwo": "two-one", "seriesThree": "three-three", "seriesFour": "four-one", "measureOne": 28.0, "measureTwo": 85.0, "measureThree": 83.0, "measureFour": 84.0 },
{ "seriesOne": "one-two", "seriesTwo": "two-one", "seriesThree": "three-three", "seriesFour": "four-two", "measureOne": 64.0, "measureTwo": 85.0, "measureThree": 81.0, "measureFour": 78.0 },
{ "seriesOne": "one-two", "seriesTwo": "two-one", "seriesThree": "three-three", "seriesFour": "four-three", "measureOne": 17.0, "measureTwo": 95.0, "measureThree": 37.0, "measureFour": 10.0 },
{ "seriesOne": "one-two", "seriesTwo": "two-one", "seriesThree": "three-three", "seriesFour": "four-four", "measureOne": 58.0, "measureTwo": 91.0, "measureThree": 28.0, "measureFour": 93.0 },
{ "seriesOne": "one-two", "seriesTwo": "two-one", "seriesThree": "three-four", "seriesFour": "four-one", "measureOne": 0.0, "measureTwo": 62.0, "measureThree": 78.0, "measureFour": 69.0 },
{ "seriesOne": "one-two", "seriesTwo": "two-one", "seriesThree": "three-four", "seriesFour": "four-two", "measureOne": 11.0, "measureTwo": 22.0, "measureThree": 81.0, "measureFour": 58.0 },
{ "seriesOne": "one-two", "seriesTwo": "two-one", "seriesThree": "three-four", "seriesFour": "four-three", "measureOne": 51.0, "measureTwo": 81.0, "measureThree": 69.0, "measureFour": 63.0 },
{ "seriesOne": "one-two", "seriesTwo": "two-one", "seriesThree": "three-four", "seriesFour": "four-four", "measureOne": 70.0, "measureTwo": 95.0, "measureThree": 53.0, "measureFour": 31.0 },
{ "seriesOne": "one-two", "seriesTwo": "two-two", "seriesThree": "three-one", "seriesFour": "four-one", "measureOne": 83.0, "measureTwo": 66.0, "measureThree": 34.0, "measureFour": 25.0 },
{ "seriesOne": "one-two", "seriesTwo": "two-two", "seriesThree": "three-one", "seriesFour": "four-two", "measureOne": 60.0, "measureTwo": 6.0, "measureThree": 39.0, "measureFour": 93.0 },
{ "seriesOne": "one-two", "seriesTwo": "two-two", "seriesThree": "three-one", "seriesFour": "four-three", "measureOne": 31.0, "measureTwo": 76.0, "measureThree": 90.0, "measureFour": 23.0 },
{ "seriesOne": "one-two", "seriesTwo": "two-two", "seriesThree": "three-one", "seriesFour": "four-four", "measureOne": 30.0, "measureTwo": 34.0, "measureThree": 6.0, "measureFour": 83.0 },
{ "seriesOne": "one-two", "seriesTwo": "two-two", "seriesThree": "three-two", "seriesFour": "four-one", "measureOne": 0.0, "measureTwo": 59.0, "measureThree": 89.0, "measureFour": 31.0 },
{ "seriesOne": "one-two", "seriesTwo": "two-two", "seriesThree": "three-two", "seriesFour": "four-two", "measureOne": 22.0, "measureTwo": 55.0, "measureThree": 95.0, "measureFour": 4.0 },
{ "seriesOne": "one-two", "seriesTwo": "two-two", "seriesThree": "three-two", "seriesFour": "four-three", "measureOne": 2.0, "measureTwo": 69.0, "measureThree": 65.0, "measureFour": 91.0 },
{ "seriesOne": "one-two", "seriesTwo": "two-two", "seriesThree": "three-two", "seriesFour": "four-four", "measureOne": 8.0, "measureTwo": 63.0, "measureThree": 89.0, "measureFour": 72.0 },
{ "seriesOne": "one-two", "seriesTwo": "two-two", "seriesThree": "three-three", "seriesFour": "four-one", "measureOne": 22.0, "measureTwo": 72.0, "measureThree": 75.0, "measureFour": 27.0 },
{ "seriesOne": "one-two", "seriesTwo": "two-two", "seriesThree": "three-three", "seriesFour": "four-two", "measureOne": 43.0, "measureTwo": 74.0, "measureThree": 11.0, "measureFour": 79.0 },
{ "seriesOne": "one-two", "seriesTwo": "two-two", "seriesThree": "three-three", "seriesFour": "four-three", "measureOne": 13.0, "measureTwo": 9.0, "measureThree": 11.0, "measureFour": 61.0 },
{ "seriesOne": "one-two", "seriesTwo": "two-two", "seriesThree": "three-three", "seriesFour": "four-four", "measureOne": 6.0, "measureTwo": 88.0, "measureThree": 91.0, "measureFour": 76.0 },
{ "seriesOne": "one-two", "seriesTwo": "two-two", "seriesThree": "three-four", "seriesFour": "four-one", "measureOne": 54.0, "measureTwo": 69.0, "measureThree": 2.0, "measureFour": 55.0 },
{ "seriesOne": "one-two", "seriesTwo": "two-two", "seriesThree": "three-four", "seriesFour": "four-two", "measureOne": 7.0, "measureTwo": 25.0, "measureThree": 62.0, "measureFour": 20.0 },
{ "seriesOne": "one-two", "seriesTwo": "two-two", "seriesThree": "three-four", "seriesFour": "four-three", "measureOne": 14.0, "measureTwo": 22.0, "measureThree": 88.0, "measureFour": 26.0 },
{ "seriesOne": "one-two", "seriesTwo": "two-two", "seriesThree": "three-four", "seriesFour": "four-four", "measureOne": 18.0, "measureTwo": 92.0, "measureThree": 39.0, "measureFour": 5.0 },
{ "seriesOne": "one-two", "seriesTwo": "two-three", "seriesThree": "three-one", "seriesFour": "four-one", "measureOne": 24.0, "measureTwo": 58.0, "measureThree": 12.0, "measureFour": 11.0 },
{ "seriesOne": "one-two", "seriesTwo": "two-three", "seriesThree": "three-one", "seriesFour": "four-two", "measureOne": 9.0, "measureTwo": 95.0, "measureThree": 25.0, "measureFour": 61.0 },
{ "seriesOne": "one-two", "seriesTwo": "two-three", "seriesThree": "three-one", "seriesFour": "four-three", "measureOne": 71.0, "measureTwo": 23.0, "measureThree": 96.0, "measureFour": 38.0 },
{ "seriesOne": "one-two", "seriesTwo": "two-three", "seriesThree": "three-one", "seriesFour": "four-four", "measureOne": 17.0, "measureTwo": 18.0, "measureThree": 38.0, "measureFour": 65.0 },
{ "seriesOne": "one-two", "seriesTwo": "two-three", "seriesThree": "three-two", "seriesFour": "four-one", "measureOne": 60.0, "measureTwo": 97.0, "measureThree": 79.0, "measureFour": 85.0 },
{ "seriesOne": "one-two", "seriesTwo": "two-three", "seriesThree": "three-two", "seriesFour": "four-two", "measureOne": 67.0, "measureTwo": 67.0, "measureThree": 35.0, "measureFour": 6.0 },
{ "seriesOne": "one-two", "seriesTwo": "two-three", "seriesThree": "three-two", "seriesFour": "four-three", "measureOne": 89.0, "measureTwo": 73.0, "measureThree": 43.0, "measureFour": 86.0 },
{ "seriesOne": "one-two", "seriesTwo": "two-three", "seriesThree": "three-two", "seriesFour": "four-four", "measureOne": 81.0, "measureTwo": 3.0, "measureThree": 63.0, "measureFour": 73.0 },
{ "seriesOne": "one-two", "seriesTwo": "two-three", "seriesThree": "three-three", "seriesFour": "four-one", "measureOne": 60.0, "measureTwo": 96.0, "measureThree": 60.0, "measureFour": 13.0 },
{ "seriesOne": "one-two", "seriesTwo": "two-three", "seriesThree": "three-three", "seriesFour": "four-two", "measureOne": 77.0, "measureTwo": 28.0, "measureThree": 52.0, "measureFour": 67.0 },
{ "seriesOne": "one-two", "seriesTwo": "two-three", "seriesThree": "three-three", "seriesFour": "four-three", "measureOne": 91.0, "measureTwo": 92.0, "measureThree": 68.0, "measureFour": 81.0 },
{ "seriesOne": "one-two", "seriesTwo": "two-three", "seriesThree": "three-three", "seriesFour": "four-four", "measureOne": 97.0, "measureTwo": 21.0, "measureThree": 71.0, "measureFour": 73.0 },
{ "seriesOne": "one-two", "seriesTwo": "two-three", "seriesThree": "three-four", "seriesFour": "four-one", "measureOne": 42.0, "measureTwo": 16.0, "measureThree": 97.0, "measureFour": 48.0 },
{ "seriesOne": "one-two", "seriesTwo": "two-three", "seriesThree": "three-four", "seriesFour": "four-two", "measureOne": 58.0, "measureTwo": 86.0, "measureThree": 5.0, "measureFour": 25.0 },
{ "seriesOne": "one-two", "seriesTwo": "two-three", "seriesThree": "three-four", "seriesFour": "four-three", "measureOne": 64.0, "measureTwo": 85.0, "measureThree": 93.0, "measureFour": 3.0 },
{ "seriesOne": "one-two", "seriesTwo": "two-three", "seriesThree": "three-four", "seriesFour": "four-four", "measureOne": 66.0, "measureTwo": 8.0, "measureThree": 16.0, "measureFour": 37.0 },
{ "seriesOne": "one-two", "seriesTwo": "two-four", "seriesThree": "three-one", "seriesFour": "four-one", "measureOne": 94.0, "measureTwo": 69.0, "measureThree": 88.0, "measureFour": 23.0 },
{ "seriesOne": "one-two", "seriesTwo": "two-four", "seriesThree": "three-one", "seriesFour": "four-two", "measureOne": 31.0, "measureTwo": 25.0, "measureThree": 34.0, "measureFour": 4.0 },
{ "seriesOne": "one-two", "seriesTwo": "two-four", "seriesThree": "three-one", "seriesFour": "four-three", "measureOne": 45.0, "measureTwo": 94.0, "measureThree": 26.0, "measureFour": 40.0 },
{ "seriesOne": "one-two", "seriesTwo": "two-four", "seriesThree": "three-one", "seriesFour": "four-four", "measureOne": 66.0, "measureTwo": 97.0, "measureThree": 33.0, "measureFour": 89.0 },
{ "seriesOne": "one-two", "seriesTwo": "two-four", "seriesThree": "three-two", "seriesFour": "four-one", "measureOne": 13.0, "measureTwo": 98.0, "measureThree": 24.0, "measureFour": 71.0 },
{ "seriesOne": "one-two", "seriesTwo": "two-four", "seriesThree": "three-two", "seriesFour": "four-two", "measureOne": 57.0, "measureTwo": 58.0, "measureThree": 61.0, "measureFour": 36.0 },
{ "seriesOne": "one-two", "seriesTwo": "two-four", "seriesThree": "three-two", "seriesFour": "four-three", "measureOne": 2.0, "measureTwo": 2.0, "measureThree": 70.0, "measureFour": 84.0 },
{ "seriesOne": "one-two", "seriesTwo": "two-four", "seriesThree": "three-two", "seriesFour": "four-four", "measureOne": 61.0, "measureTwo": 91.0, "measureThree": 61.0, "measureFour": 5.0 },
{ "seriesOne": "one-two", "seriesTwo": "two-four", "seriesThree": "three-three", "seriesFour": "four-one", "measureOne": 42.0, "measureTwo": 55.0, "measureThree": 67.0, "measureFour": 10.0 },
{ "seriesOne": "one-two", "seriesTwo": "two-four", "seriesThree": "three-three", "seriesFour": "four-two", "measureOne": 55.0, "measureTwo": 61.0, "measureThree": 53.0, "measureFour": 44.0 },
{ "seriesOne": "one-two", "seriesTwo": "two-four", "seriesThree": "three-three", "seriesFour": "four-three", "measureOne": 68.0, "measureTwo": 90.0, "measureThree": 63.0, "measureFour": 63.0 },
{ "seriesOne": "one-two", "seriesTwo": "two-four", "seriesThree": "three-three", "seriesFour": "four-four", "measureOne": 57.0, "measureTwo": 54.0, "measureThree": 92.0, "measureFour": 41.0 },
{ "seriesOne": "one-two", "seriesTwo": "two-four", "seriesThree": "three-four", "seriesFour": "four-one", "measureOne": 35.0, "measureTwo": 82.0, "measureThree": 25.0, "measureFour": 22.0 },
{ "seriesOne": "one-two", "seriesTwo": "two-four", "seriesThree": "three-four", "seriesFour": "four-two", "measureOne": 38.0, "measureTwo": 38.0, "measureThree": 3.0, "measureFour": 14.0 },
{ "seriesOne": "one-two", "seriesTwo": "two-four", "seriesThree": "three-four", "seriesFour": "four-three", "measureOne": 95.0, "measureTwo": 13.0, "measureThree": 79.0, "measureFour": 41.0 },
{ "seriesOne": "one-two", "seriesTwo": "two-four", "seriesThree": "three-four", "seriesFour": "four-four", "measureOne": 70.0, "measureTwo": 0.0, "measureThree": 73.0, "measureFour": 54.0 },
{ "seriesOne": "one-three", "seriesTwo": "two-one", "seriesThree": "three-one", "seriesFour": "four-one", "measureOne": 6.0, "measureTwo": 36.0, "measureThree": 91.0, "measureFour": 40.0 },
{ "seriesOne": "one-three", "seriesTwo": "two-one", "seriesThree": "three-one", "seriesFour": "four-two", "measureOne": 12.0, "measureTwo": 35.0, "measureThree": 36.0, "measureFour": 25.0 },
{ "seriesOne": "one-three", "seriesTwo": "two-one", "seriesThree": "three-one", "seriesFour": "four-three", "measureOne": 86.0, "measureTwo": 60.0, "measureThree": 62.0, "measureFour": 4.0 },
{ "seriesOne": "one-three", "seriesTwo": "two-one", "seriesThree": "three-one", "seriesFour": "four-four", "measureOne": 63.0, "measureTwo": 85.0, "measureThree": 45.0, "measureFour": 81.0 },
{ "seriesOne": "one-three", "seriesTwo": "two-one", "seriesThree": "three-two", "seriesFour": "four-one", "measureOne": 80.0, "measureTwo": 49.0, "measureThree": 50.0, "measureFour": 7.0 },
{ "seriesOne": "one-three", "seriesTwo": "two-one", "seriesThree": "three-two", "seriesFour": "four-two", "measureOne": 84.0, "measureTwo": 4.0, "measureThree": 9.0, "measureFour": 49.0 },
{ "seriesOne": "one-three", "seriesTwo": "two-one", "seriesThree": "three-two", "seriesFour": "four-three", "measureOne": 48.0, "measureTwo": 35.0, "measureThree": 3.0, "measureFour": 52.0 },
{ "seriesOne": "one-three", "seriesTwo": "two-one", "seriesThree": "three-two", "seriesFour": "four-four", "measureOne": 38.0, "measureTwo": 93.0, "measureThree": 87.0, "measureFour": 85.0 },
{ "seriesOne": "one-three", "seriesTwo": "two-one", "seriesThree": "three-three", "seriesFour": "four-one", "measureOne": 89.0, "measureTwo": 29.0, "measureThree": 75.0, "measureFour": 39.0 },
{ "seriesOne": "one-three", "seriesTwo": "two-one", "seriesThree": "three-three", "seriesFour": "four-two", "measureOne": 14.0, "measureTwo": 42.0, "measureThree": 42.0, "measureFour": 2.0 },
{ "seriesOne": "one-three", "seriesTwo": "two-one", "seriesThree": "three-three", "seriesFour": "four-three", "measureOne": 46.0, "measureTwo": 0.0, "measureThree": 23.0, "measureFour": 74.0 },
{ "seriesOne": "one-three", "seriesTwo": "two-one", "seriesThree": "three-three", "seriesFour": "four-four", "measureOne": 45.0, "measureTwo": 16.0, "measureThree": 82.0, "measureFour": 77.0 },
{ "seriesOne": "one-three", "seriesTwo": "two-one", "seriesThree": "three-four", "seriesFour": "four-one", "measureOne": 53.0, "measureTwo": 66.0, "measureThree": 97.0, "measureFour": 11.0 },
{ "seriesOne": "one-three", "seriesTwo": "two-one", "seriesThree": "three-four", "seriesFour": "four-two", "measureOne": 12.0, "measureTwo": 16.0, "measureThree": 80.0, "measureFour": 82.0 },
{ "seriesOne": "one-three", "seriesTwo": "two-one", "seriesThree": "three-four", "seriesFour": "four-three", "measureOne": 55.0, "measureTwo": 79.0, "measureThree": 87.0, "measureFour": 86.0 },
{ "seriesOne": "one-three", "seriesTwo": "two-one", "seriesThree": "three-four", "seriesFour": "four-four", "measureOne": 20.0, "measureTwo": 75.0, "measureThree": 4.0, "measureFour": 24.0 },
{ "seriesOne": "one-three", "seriesTwo": "two-two", "seriesThree": "three-one", "seriesFour": "four-one", "measureOne": 70.0, "measureTwo": 58.0, "measureThree": 51.0, "measureFour": 78.0 },
{ "seriesOne": "one-three", "seriesTwo": "two-two", "seriesThree": "three-one", "seriesFour": "four-two", "measureOne": 25.0, "measureTwo": 16.0, "measureThree": 6.0, "measureFour": 1.0 },
{ "seriesOne": "one-three", "seriesTwo": "two-two", "seriesThree": "three-one", "seriesFour": "four-three", "measureOne": 97.0, "measureTwo": 90.0, "measureThree": 33.0, "measureFour": 67.0 },
{ "seriesOne": "one-three", "seriesTwo": "two-two", "seriesThree": "three-one", "seriesFour": "four-four", "measureOne": 59.0, "measureTwo": 89.0, "measureThree": 50.0, "measureFour": 71.0 },
{ "seriesOne": "one-three", "seriesTwo": "two-two", "seriesThree": "three-two", "seriesFour": "four-one", "measureOne": 6.0, "measureTwo": 27.0, "measureThree": 18.0, "measureFour": 4.0 },
{ "seriesOne": "one-three", "seriesTwo": "two-two", "seriesThree": "three-two", "seriesFour": "four-two", "measureOne": 61.0, "measureTwo": 2.0, "measureThree": 78.0, "measureFour": 72.0 },
{ "seriesOne": "one-three", "seriesTwo": "two-two", "seriesThree": "three-two", "seriesFour": "four-three", "measureOne": 32.0, "measureTwo": 60.0, "measureThree": 66.0, "measureFour": 59.0 },
{ "seriesOne": "one-three", "seriesTwo": "two-two", "seriesThree": "three-two", "seriesFour": "four-four", "measureOne": 32.0, "measureTwo": 8.0, "measureThree": 59.0, "measureFour": 69.0 },
{ "seriesOne": "one-three", "seriesTwo": "two-two", "seriesThree": "three-three", "seriesFour": "four-one", "measureOne": 6.0, "measureTwo": 37.0, "measureThree": 45.0, "measureFour": 24.0 },
{ "seriesOne": "one-three", "seriesTwo": "two-two", "seriesThree": "three-three", "seriesFour": "four-two", "measureOne": 3.0, "measureTwo": 46.0, "measureThree": 82.0, "measureFour": 92.0 },
{ "seriesOne": "one-three", "seriesTwo": "two-two", "seriesThree": "three-three", "seriesFour": "four-three", "measureOne": 29.0, "measureTwo": 63.0, "measureThree": 17.0, "measureFour": 5.0 },
{ "seriesOne": "one-three", "seriesTwo": "two-two", "seriesThree": "three-three", "seriesFour": "four-four", "measureOne": 86.0, "measureTwo": 50.0, "measureThree": 30.0, "measureFour": 4.0 },
{ "seriesOne": "one-three", "seriesTwo": "two-two", "seriesThree": "three-four", "seriesFour": "four-one", "measureOne": 58.0, "measureTwo": 34.0, "measureThree": 57.0, "measureFour": 64.0 },
{ "seriesOne": "one-three", "seriesTwo": "two-two", "seriesThree": "three-four", "seriesFour": "four-two", "measureOne": 21.0, "measureTwo": 80.0, "measureThree": 36.0, "measureFour": 80.0 },
{ "seriesOne": "one-three", "seriesTwo": "two-two", "seriesThree": "three-four", "seriesFour": "four-three", "measureOne": 15.0, "measureTwo": 6.0, "measureThree": 28.0, "measureFour": 46.0 },
{ "seriesOne": "one-three", "seriesTwo": "two-two", "seriesThree": "three-four", "seriesFour": "four-four", "measureOne": 19.0, "measureTwo": 66.0, "measureThree": 60.0, "measureFour": 28.0 },
{ "seriesOne": "one-three", "seriesTwo": "two-three", "seriesThree": "three-one", "seriesFour": "four-one", "measureOne": 75.0, "measureTwo": 44.0, "measureThree": 43.0, "measureFour": 91.0 },
{ "seriesOne": "one-three", "seriesTwo": "two-three", "seriesThree": "three-one", "seriesFour": "four-two", "measureOne": 55.0, "measureTwo": 18.0, "measureThree": 56.0, "measureFour": 36.0 },
{ "seriesOne": "one-three", "seriesTwo": "two-three", "seriesThree": "three-one", "seriesFour": "four-three", "measureOne": 72.0, "measureTwo": 27.0, "measureThree": 57.0, "measureFour": 35.0 },
{ "seriesOne": "one-three", "seriesTwo": "two-three", "seriesThree": "three-one", "seriesFour": "four-four", "measureOne": 81.0, "measureTwo": 56.0, "measureThree": 76.0, "measureFour": 5.0 },
{ "seriesOne": "one-three", "seriesTwo": "two-three", "seriesThree": "three-two", "seriesFour": "four-one", "measureOne": 3.0, "measureTwo": 14.0, "measureThree": 45.0, "measureFour": 83.0 },
{ "seriesOne": "one-three", "seriesTwo": "two-three", "seriesThree": "three-two", "seriesFour": "four-two", "measureOne": 86.0, "measureTwo": 72.0, "measureThree": 38.0, "measureFour": 75.0 },
{ "seriesOne": "one-three", "seriesTwo": "two-three", "seriesThree": "three-two", "seriesFour": "four-three", "measureOne": 99.0, "measureTwo": 79.0, "measureThree": 37.0, "measureFour": 3.0 },
{ "seriesOne": "one-three", "seriesTwo": "two-three", "seriesThree": "three-two", "seriesFour": "four-four", "measureOne": 75.0, "measureTwo": 71.0, "measureThree": 91.0, "measureFour": 67.0 },
{ "seriesOne": "one-three", "seriesTwo": "two-three", "seriesThree": "three-three", "seriesFour": "four-one", "measureOne": 21.0, "measureTwo": 57.0, "measureThree": 12.0, "measureFour": 4.0 },
{ "seriesOne": "one-three", "seriesTwo": "two-three", "seriesThree": "three-three", "seriesFour": "four-two", "measureOne": 6.0, "measureTwo": 89.0, "measureThree": 50.0, "measureFour": 68.0 },
{ "seriesOne": "one-three", "seriesTwo": "two-three", "seriesThree": "three-three", "seriesFour": "four-three", "measureOne": 21.0, "measureTwo": 66.0, "measureThree": 16.0, "measureFour": 56.0 },
{ "seriesOne": "one-three", "seriesTwo": "two-three", "seriesThree": "three-three", "seriesFour": "four-four", "measureOne": 61.0, "measureTwo": 4.0, "measureThree": 34.0, "measureFour": 94.0 },
{ "seriesOne": "one-three", "seriesTwo": "two-three", "seriesThree": "three-four", "seriesFour": "four-one", "measureOne": 83.0, "measureTwo": 54.0, "measureThree": 40.0, "measureFour": 48.0 },
{ "seriesOne": "one-three", "seriesTwo": "two-three", "seriesThree": "three-four", "seriesFour": "four-two", "measureOne": 31.0, "measureTwo": 5.0, "measureThree": 68.0, "measureFour": 37.0 },
{ "seriesOne": "one-three", "seriesTwo": "two-three", "seriesThree": "three-four", "seriesFour": "four-three", "measureOne": 79.0, "measureTwo": 26.0, "measureThree": 55.0, "measureFour": 93.0 },
{ "seriesOne": "one-three", "seriesTwo": "two-three", "seriesThree": "three-four", "seriesFour": "four-four", "measureOne": 72.0, "measureTwo": 79.0, "measureThree": 48.0, "measureFour": 84.0 },
{ "seriesOne": "one-three", "seriesTwo": "two-four", "seriesThree": "three-one", "seriesFour": "four-one", "measureOne": 68.0, "measureTwo": 98.0, "measureThree": 15.0, "measureFour": 33.0 },
{ "seriesOne": "one-three", "seriesTwo": "two-four", "seriesThree": "three-one", "seriesFour": "four-two", "measureOne": 87.0, "measureTwo": 80.0, "measureThree": 38.0, "measureFour": 39.0 },
{ "seriesOne": "one-three", "seriesTwo": "two-four", "seriesThree": "three-one", "seriesFour": "four-three", "measureOne": 41.0, "measureTwo": 71.0, "measureThree": 17.0, "measureFour": 89.0 },
{ "seriesOne": "one-three", "seriesTwo": "two-four", "seriesThree": "three-one", "seriesFour": "four-four", "measureOne": 99.0, "measureTwo": 34.0, "measureThree": 90.0, "measureFour": 86.0 },
{ "seriesOne": "one-three", "seriesTwo": "two-four", "seriesThree": "three-two", "seriesFour": "four-one", "measureOne": 95.0, "measureTwo": 74.0, "measureThree": 1.0, "measureFour": 20.0 },
{ "seriesOne": "one-three", "seriesTwo": "two-four", "seriesThree": "three-two", "seriesFour": "four-two", "measureOne": 75.0, "measureTwo": 51.0, "measureThree": 9.0, "measureFour": 98.0 },
{ "seriesOne": "one-three", "seriesTwo": "two-four", "seriesThree": "three-two", "seriesFour": "four-three", "measureOne": 10.0, "measureTwo": 40.0, "measureThree": 19.0, "measureFour": 35.0 },
{ "seriesOne": "one-three", "seriesTwo": "two-four", "seriesThree": "three-two", "seriesFour": "four-four", "measureOne": 59.0, "measureTwo": 28.0, "measureThree": 40.0, "measureFour": 98.0 },
{ "seriesOne": "one-three", "seriesTwo": "two-four", "seriesThree": "three-three", "seriesFour": "four-one", "measureOne": 29.0, "measureTwo": 10.0, "measureThree": 25.0, "measureFour": 45.0 },
{ "seriesOne": "one-three", "seriesTwo": "two-four", "seriesThree": "three-three", "seriesFour": "four-two", "measureOne": 32.0, "measureTwo": 18.0, "measureThree": 61.0, "measureFour": 7.0 },
{ "seriesOne": "one-three", "seriesTwo": "two-four", "seriesThree": "three-three", "seriesFour": "four-three", "measureOne": 32.0, "measureTwo": 15.0, "measureThree": 83.0, "measureFour": 18.0 },
{ "seriesOne": "one-three", "seriesTwo": "two-four", "seriesThree": "three-three", "seriesFour": "four-four", "measureOne": 86.0, "measureTwo": 43.0, "measureThree": 75.0, "measureFour": 52.0 },
{ "seriesOne": "one-three", "seriesTwo": "two-four", "seriesThree": "three-four", "seriesFour": "four-one", "measureOne": 5.0, "measureTwo": 94.0, "measureThree": 80.0, "measureFour": 60.0 },
{ "seriesOne": "one-three", "seriesTwo": "two-four", "seriesThree": "three-four", "seriesFour": "four-two", "measureOne": 28.0, "measureTwo": 9.0, "measureThree": 86.0, "measureFour": 76.0 },
{ "seriesOne": "one-three", "seriesTwo": "two-four", "seriesThree": "three-four", "seriesFour": "four-three", "measureOne": 65.0, "measureTwo": 12.0, "measureThree": 1.0, "measureFour": 95.0 },
{ "seriesOne": "one-three", "seriesTwo": "two-four", "seriesThree": "three-four", "seriesFour": "four-four", "measureOne": 76.0, "measureTwo": 29.0, "measureThree": 29.0, "measureFour": 18.0 },
{ "seriesOne": "one-four", "seriesTwo": "two-one", "seriesThree": "three-one", "seriesFour": "four-one", "measureOne": 21.0, "measureTwo": 58.0, "measureThree": 33.0, "measureFour": 60.0 },
{ "seriesOne": "one-four", "seriesTwo": "two-one", "seriesThree": "three-one", "seriesFour": "four-two", "measureOne": 79.0, "measureTwo": 49.0, "measureThree": 52.0, "measureFour": 78.0 },
{ "seriesOne": "one-four", "seriesTwo": "two-one", "seriesThree": "three-one", "seriesFour": "four-three", "measureOne": 48.0, "measureTwo": 47.0, "measureThree": 81.0, "measureFour": 5.0 },
{ "seriesOne": "one-four", "seriesTwo": "two-one", "seriesThree": "three-one", "seriesFour": "four-four", "measureOne": 8.0, "measureTwo": 41.0, "measureThree": 31.0, "measureFour": 61.0 },
{ "seriesOne": "one-four", "seriesTwo": "two-one", "seriesThree": "three-two", "seriesFour": "four-one", "measureOne": 55.0, "measureTwo": 39.0, "measureThree": 85.0, "measureFour": 25.0 },
{ "seriesOne": "one-four", "seriesTwo": "two-one", "seriesThree": "three-two", "seriesFour": "four-two", "measureOne": 94.0, "measureTwo": 11.0, "measureThree": 75.0, "measureFour": 88.0 },
{ "seriesOne": "one-four", "seriesTwo": "two-one", "seriesThree": "three-two", "seriesFour": "four-three", "measureOne": 21.0, "measureTwo": 82.0, "measureThree": 76.0, "measureFour": 42.0 },
{ "seriesOne": "one-four", "seriesTwo": "two-one", "seriesThree": "three-two", "seriesFour": "four-four", "measureOne": 3.0, "measureTwo": 15.0, "measureThree": 19.0, "measureFour": 38.0 },
{ "seriesOne": "one-four", "seriesTwo": "two-one", "seriesThree": "three-three", "seriesFour": "four-one", "measureOne": 26.0, "measureTwo": 81.0, "measureThree": 84.0, "measureFour": 5.0 },
{ "seriesOne": "one-four", "seriesTwo": "two-one", "seriesThree": "three-three", "seriesFour": "four-two", "measureOne": 4.0, "measureTwo": 26.0, "measureThree": 15.0, "measureFour": 63.0 },
{ "seriesOne": "one-four", "seriesTwo": "two-one", "seriesThree": "three-three", "seriesFour": "four-three", "measureOne": 98.0, "measureTwo": 72.0, "measureThree": 28.0, "measureFour": 89.0 },
{ "seriesOne": "one-four", "seriesTwo": "two-one", "seriesThree": "three-three", "seriesFour": "four-four", "measureOne": 81.0, "measureTwo": 31.0, "measureThree": 61.0, "measureFour": 39.0 },
{ "seriesOne": "one-four", "seriesTwo": "two-one", "seriesThree": "three-four", "seriesFour": "four-one", "measureOne": 33.0, "measureTwo": 72.0, "measureThree": 82.0, "measureFour": 5.0 },
{ "seriesOne": "one-four", "seriesTwo": "two-one", "seriesThree": "three-four", "seriesFour": "four-two", "measureOne": 50.0, "measureTwo": 79.0, "measureThree": 67.0, "measureFour": 48.0 },
{ "seriesOne": "one-four", "seriesTwo": "two-one", "seriesThree": "three-four", "seriesFour": "four-three", "measureOne": 26.0, "measureTwo": 50.0, "measureThree": 4.0, "measureFour": 29.0 },
{ "seriesOne": "one-four", "seriesTwo": "two-one", "seriesThree": "three-four", "seriesFour": "four-four", "measureOne": 60.0, "measureTwo": 98.0, "measureThree": 96.0, "measureFour": 25.0 },
{ "seriesOne": "one-four", "seriesTwo": "two-two", "seriesThree": "three-one", "seriesFour": "four-one", "measureOne": 74.0, "measureTwo": 49.0, "measureThree": 43.0, "measureFour": 54.0 },
{ "seriesOne": "one-four", "seriesTwo": "two-two", "seriesThree": "three-one", "seriesFour": "four-two", "measureOne": 24.0, "measureTwo": 60.0, "measureThree": 74.0, "measureFour": 81.0 },
{ "seriesOne": "one-four", "seriesTwo": "two-two", "seriesThree": "three-one", "seriesFour": "four-three", "measureOne": 71.0, "measureTwo": 64.0, "measureThree": 45.0, "measureFour": 95.0 },
{ "seriesOne": "one-four", "seriesTwo": "two-two", "seriesThree": "three-one", "seriesFour": "four-four", "measureOne": 85.0, "measureTwo": 24.0, "measureThree": 92.0, "measureFour": 1.0 },
{ "seriesOne": "one-four", "seriesTwo": "two-two", "seriesThree": "three-two", "seriesFour": "four-one", "measureOne": 87.0, "measureTwo": 45.0, "measureThree": 59.0, "measureFour": 44.0 },
{ "seriesOne": "one-four", "seriesTwo": "two-two", "seriesThree": "three-two", "seriesFour": "four-two", "measureOne": 43.0, "measureTwo": 34.0, "measureThree": 47.0, "measureFour": 76.0 },
{ "seriesOne": "one-four", "seriesTwo": "two-two", "seriesThree": "three-two", "seriesFour": "four-three", "measureOne": 32.0, "measureTwo": 83.0, "measureThree": 51.0, "measureFour": 4.0 },
{ "seriesOne": "one-four", "seriesTwo": "two-two", "seriesThree": "three-two", "seriesFour": "four-four", "measureOne": 3.0, "measureTwo": 97.0, "measureThree": 47.0, "measureFour": 10.0 },
{ "seriesOne": "one-four", "seriesTwo": "two-two", "seriesThree": "three-three", "seriesFour": "four-one", "measureOne": 12.0, "measureTwo": 32.0, "measureThree": 12.0, "measureFour": 46.0 },
{ "seriesOne": "one-four", "seriesTwo": "two-two", "seriesThree": "three-three", "seriesFour": "four-two", "measureOne": 48.0, "measureTwo": 24.0, "measureThree": 43.0, "measureFour": 3.0 },
{ "seriesOne": "one-four", "seriesTwo": "two-two", "seriesThree": "three-three", "seriesFour": "four-three", "measureOne": 72.0, "measureTwo": 44.0, "measureThree": 93.0, "measureFour": 64.0 },
{ "seriesOne": "one-four", "seriesTwo": "two-two", "seriesThree": "three-three", "seriesFour": "four-four", "measureOne": 22.0, "measureTwo": 87.0, "measureThree": 82.0, "measureFour": 36.0 },
{ "seriesOne": "one-four", "seriesTwo": "two-two", "seriesThree": "three-four", "seriesFour": "four-one", "measureOne": 42.0, "measureTwo": 61.0, "measureThree": 49.0, "measureFour": 24.0 },
{ "seriesOne": "one-four", "seriesTwo": "two-two", "seriesThree": "three-four", "seriesFour": "four-two", "measureOne": 85.0, "measureTwo": 32.0, "measureThree": 53.0, "measureFour": 89.0 },
{ "seriesOne": "one-four", "seriesTwo": "two-two", "seriesThree": "three-four", "seriesFour": "four-three", "measureOne": 17.0, "measureTwo": 2.0, "measureThree": 43.0, "measureFour": 67.0 },
{ "seriesOne": "one-four", "seriesTwo": "two-two", "seriesThree": "three-four", "seriesFour": "four-four", "measureOne": 15.0, "measureTwo": 1.0, "measureThree": 63.0, "measureFour": 45.0 },
{ "seriesOne": "one-four", "seriesTwo": "two-three", "seriesThree": "three-one", "seriesFour": "four-one", "measureOne": 34.0, "measureTwo": 55.0, "measureThree": 37.0, "measureFour": 75.0 },
{ "seriesOne": "one-four", "seriesTwo": "two-three", "seriesThree": "three-one", "seriesFour": "four-two", "measureOne": 89.0, "measureTwo": 4.0, "measureThree": 26.0, "measureFour": 81.0 },
{ "seriesOne": "one-four", "seriesTwo": "two-three", "seriesThree": "three-one", "seriesFour": "four-three", "measureOne": 75.0, "measureTwo": 76.0, "measureThree": 73.0, "measureFour": 66.0 },
{ "seriesOne": "one-four", "seriesTwo": "two-three", "seriesThree": "three-one", "seriesFour": "four-four", "measureOne": 57.0, "measureTwo": 85.0, "measureThree": 10.0, "measureFour": 0.0 },
{ "seriesOne": "one-four", "seriesTwo": "two-three", "seriesThree": "three-two", "seriesFour": "four-one", "measureOne": 94.0, "measureTwo": 87.0, "measureThree": 41.0, "measureFour": 42.0 },
{ "seriesOne": "one-four", "seriesTwo": "two-three", "seriesThree": "three-two", "seriesFour": "four-two", "measureOne": 74.0, "measureTwo": 95.0, "measureThree": 86.0, "measureFour": 82.0 },
{ "seriesOne": "one-four", "seriesTwo": "two-three", "seriesThree": "three-two", "seriesFour": "four-three", "measureOne": 18.0, "measureTwo": 88.0, "measureThree": 18.0, "measureFour": 41.0 },
{ "seriesOne": "one-four", "seriesTwo": "two-three", "seriesThree": "three-two", "seriesFour": "four-four", "measureOne": 61.0, "measureTwo": 51.0, "measureThree": 40.0, "measureFour": 93.0 },
{ "seriesOne": "one-four", "seriesTwo": "two-three", "seriesThree": "three-three", "seriesFour": "four-one", "measureOne": 68.0, "measureTwo": 44.0, "measureThree": 3.0, "measureFour": 7.0 },
{ "seriesOne": "one-four", "seriesTwo": "two-three", "seriesThree": "three-three", "seriesFour": "four-two", "measureOne": 36.0, "measureTwo": 31.0, "measureThree": 37.0, "measureFour": 18.0 },
{ "seriesOne": "one-four", "seriesTwo": "two-three", "seriesThree": "three-three", "seriesFour": "four-three", "measureOne": 82.0, "measureTwo": 65.0, "measureThree": 44.0, "measureFour": 61.0 },
{ "seriesOne": "one-four", "seriesTwo": "two-three", "seriesThree": "three-three", "seriesFour": "four-four", "measureOne": 27.0, "measureTwo": 52.0, "measureThree": 24.0, "measureFour": 25.0 },
{ "seriesOne": "one-four", "seriesTwo": "two-three", "seriesThree": "three-four", "seriesFour": "four-one", "measureOne": 32.0, "measureTwo": 7.0, "measureThree": 16.0, "measureFour": 86.0 },
{ "seriesOne": "one-four", "seriesTwo": "two-three", "seriesThree": "three-four", "seriesFour": "four-two", "measureOne": 32.0, "measureTwo": 26.0, "measureThree": 93.0, "measureFour": 43.0 },
{ "seriesOne": "one-four", "seriesTwo": "two-three", "seriesThree": "three-four", "seriesFour": "four-three", "measureOne": 0.0, "measureTwo": 15.0, "measureThree": 24.0, "measureFour": 8.0 },
{ "seriesOne": "one-four", "seriesTwo": "two-three", "seriesThree": "three-four", "seriesFour": "four-four", "measureOne": 10.0, "measureTwo": 21.0, "measureThree": 4.0, "measureFour": 31.0 },
{ "seriesOne": "one-four", "seriesTwo": "two-four", "seriesThree": "three-one", "seriesFour": "four-one", "measureOne": 3.0, "measureTwo": 80.0, "measureThree": 27.0, "measureFour": 28.0 },
{ "seriesOne": "one-four", "seriesTwo": "two-four", "seriesThree": "three-one", "seriesFour": "four-two", "measureOne": 26.0, "measureTwo": 23.0, "measureThree": 22.0, "measureFour": 29.0 },
{ "seriesOne": "one-four", "seriesTwo": "two-four", "seriesThree": "three-one", "seriesFour": "four-three", "measureOne": 22.0, "measureTwo": 98.0, "measureThree": 28.0, "measureFour": 54.0 },
{ "seriesOne": "one-four", "seriesTwo": "two-four", "seriesThree": "three-one", "seriesFour": "four-four", "measureOne": 69.0, "measureTwo": 11.0, "measureThree": 95.0, "measureFour": 68.0 },
{ "seriesOne": "one-four", "seriesTwo": "two-four", "seriesThree": "three-two", "seriesFour": "four-one", "measureOne": 40.0, "measureTwo": 15.0, "measureThree": 46.0, "measureFour": 81.0 },
{ "seriesOne": "one-four", "seriesTwo": "two-four", "seriesThree": "three-two", "seriesFour": "four-two", "measureOne": 6.0, "measureTwo": 96.0, "measureThree": 74.0, "measureFour": 85.0 },
{ "seriesOne": "one-four", "seriesTwo": "two-four", "seriesThree": "three-two", "seriesFour": "four-three", "measureOne": 9.0, "measureTwo": 63.0, "measureThree": 82.0, "measureFour": 82.0 },
{ "seriesOne": "one-four", "seriesTwo": "two-four", "seriesThree": "three-two", "seriesFour": "four-four", "measureOne": 12.0, "measureTwo": 94.0, "measureThree": 27.0, "measureFour": 94.0 },
{ "seriesOne": "one-four", "seriesTwo": "two-four", "seriesThree": "three-three", "seriesFour": "four-one", "measureOne": 65.0, "measureTwo": 86.0, "measureThree": 37.0, "measureFour": 39.0 },
{ "seriesOne": "one-four", "seriesTwo": "two-four", "seriesThree": "three-three", "seriesFour": "four-two", "measureOne": 36.0, "measureTwo": 7.0, "measureThree": 47.0, "measureFour": 96.0 },
{ "seriesOne": "one-four", "seriesTwo": "two-four", "seriesThree": "three-three", "seriesFour": "four-three", "measureOne": 49.0, "measureTwo": 44.0, "measureThree": 46.0, "measureFour": 23.0 },
{ "seriesOne": "one-four", "seriesTwo": "two-four", "seriesThree": "three-three", "seriesFour": "four-four", "measureOne": 81.0, "measureTwo": 80.0, "measureThree": 90.0, "measureFour": 96.0 },
{ "seriesOne": "one-four", "seriesTwo": "two-four", "seriesThree": "three-four", "seriesFour": "four-one", "measureOne": 94.0, "measureTwo": 15.0, "measureThree": 35.0, "measureFour": 82.0 },
{ "seriesOne": "one-four", "seriesTwo": "two-four", "seriesThree": "three-four", "seriesFour": "four-two", "measureOne": 85.0, "measureTwo": 25.0, "measureThree": 15.0, "measureFour": 80.0 },
{ "seriesOne": "one-four", "seriesTwo": "two-four", "seriesThree": "three-four", "seriesFour": "four-three", "measureOne": 79.0, "measureTwo": 5.0, "measureThree": 10.0, "measureFour": 71.0 },
{ "seriesOne": "one-four", "seriesTwo": "two-four", "seriesThree": "three-four", "seriesFour": "four-four", "measureOne": 19.0, "measureTwo": 12.0, "measureThree": 87.0, "measureFour": 97.0 }
]
