[
{ "_id": "59f307f31f0d6766995d3397", "source": "Los Angeles", "destination": "San Francisco", "fuel": 200 },
{ "_id": "59f307f31f0d6766995d3398", "source": "Los Angeles", "destination": "Las Vegas", "fuel": 400 },
{ "_id": "59f307f31f0d6766995d3399", "source": "Los Angeles", "destination": "Dallas", "fuel": 700 },
{ "_id": "59f307f31f0d6766995d339a", "source": "Los Angeles", "destination": "New York", "fuel": 1300 },
{ "_id": "59f307f31f0d6766995d339b", "source": "Las Vegas", "destination": "Dallas", "fuel": 400 },
{ "_id": "59f307f31f0d6766995d339c", "source": "Las Vegas", "destination": "New York", "fuel": 900 },
{ "_id": "59f307f31f0d6766995d339d", "source": "Dallas", "destination": "New York", "fuel": 800 },
{ "_id": "59f307f31f0d6766995d339e", "source": "Dallas", "destination": "Orlando", "fuel": 600 }
]
