[
{ "_id": "59f307891f0d6766995cd738", "lastName": "Wayne", "firstName": "Bruce", "gender": "male", "birthDate": "1978-07-23T04:00:00Z", "maritalStatus": "single", "race": "white", "allergies": "none", "height": 180.0, "weight": 80.0, "patientID": 27.0 },
{ "_id": "59f307891f0d6766995cd739", "lastName": "Jones", "firstName": "Randall", "gender": "male", "birthDate": "1980-07-23T04:00:00Z", "maritalStatus": "single", "race": "white", "allergies": "none", "height": 180.0, "weight": 80.0, "patientID": 19.0 },
{ "_id": "59f307891f0d6766995cd73a", "lastName": "Jones", "firstName": "Engelberto", "gender": "male", "birthDate": "1982-04-25T05:00:00Z", "maritalStatus": "single", "race": "white", "allergies": "penicillin", "height": 180.0, "weight": 80.0, "patientID": 66.0 },
{ "_id": "59f307891f0d6766995cd73b", "lastName": "Smith", "firstName": "Patricia", "gender": "female", "birthDate": "1982-04-25T05:00:00Z", "maritalStatus": "married", "race": "white", "allergies": "none", "height": 180.0, "weight": 80.0, "patientID": 80.0 },
{ "_id": "59f307891f0d6766995cd73c", "lastName": "Williams", "firstName": "Mary", "gender": "female", "birthDate": "1975-04-25T04:00:00Z", "maritalStatus": "single", "race": "white", "allergies": "none", "height": 180.0, "weight": 80.0, "patientID": 100.0 },
{ "_id": "59f307891f0d6766995cd73d", "lastName": "Sullivan", "firstName": "John", "gender": "male", "birthDate": "1963-04-25T04:00:00Z", "maritalStatus": "married", "race": "white", "allergies": "none", "height": 180.0, "weight": 80.0, "patientID": 82.0 },
{ "_id": "59f307891f0d6766995cd73e", "lastName": "Baker", "firstName": "Joseph", "gender": "male", "birthDate": "1967-09-25T04:00:00Z", "maritalStatus": "married", "race": "white", "allergies": "none", "height": 180.0, "weight": 83.0, "patientID": 87.0 },
{ "_id": "59f307891f0d6766995cd73f", "lastName": "Baker", "firstName": "Mary", "gender": "female", "birthDate": "1973-03-15T05:00:00Z", "maritalStatus": "married", "race": "white", "allergies": "none", "height": 180.0, "weight": 80.0, "patientID": 2.0 },
{ "_id": "59f307891f0d6766995cd740", "lastName": "Winslow", "firstName": "Carl", "gender": "male", "birthDate": "1955-03-15T04:00:00Z", "maritalStatus": "single", "race": "black", "allergies": "none", "height": 180.0, "weight": 80.0, "patientID": 91.0 },
{ "_id": "59f307891f0d6766995cd741", "lastName": "Urkel", "firstName": "Stephan", "gender": "male", "birthDate": "1985-08-03T04:00:00Z", "maritalStatus": "single", "race": "black", "allergies": "latex", "height": 180.0, "weight": 80.0, "patientID": 1.0 }
]
