[
{ "_id": "5a01b26c5b8785791a7f711e", "quarter": "2015-Q1", "value": 25000, "region": "east" },
{ "_id": "5a01b26c5b8785791a7f711f", "quarter": "2015-Q1", "value": 30000, "region": "east" },
{ "_id": "5a01b26c5b8785791a7f7120", "quarter": "2015-Q1", "value": 35000, "region": "east" },
{ "_id": "5a01b26c5b8785791a7f7121", "quarter": "2015-Q1", "value": 30000, "region": "east" },
{ "_id": "5a01b26c5b8785791a7f7122", "quarter": "2015-Q1", "value": 32000, "region": "east" },
{ "_id": "5a01b26c5b8785791a7f7123", "quarter": "2015-Q1", "value": 43000, "region": "east" },
{ "_id": "5a01b26c5b8785791a7f7124", "quarter": "2015-Q1", "value": 45000, "region": "east" },
{ "_id": "5a01b26c5b8785791a7f7125", "quarter": "2015-Q1", "value": 35000, "region": "east" },
{ "_id": "5a01b26c5b8785791a7f7126", "quarter": "2015-Q1", "value": 15000, "region": "west" },
{ "_id": "5a01b26c5b8785791a7f7127", "quarter": "2015-Q1", "value": 17000, "region": "west" },
{ "_id": "5a01b26c5b8785791a7f7128", "quarter": "2015-Q1", "value": 12000, "region": "west" },
{ "_id": "5a01b26c5b8785791a7f7129", "quarter": "2015-Q1", "value": 18000, "region": "west" },
{ "_id": "5a01b26c5b8785791a7f712a", "quarter": "2015-Q1", "value": 15000, "region": "west" },
{ "_id": "5a01b26c5b8785791a7f712b", "quarter": "2015-Q1", "value": 17500, "region": "west" },
{ "_id": "5a01b26c5b8785791a7f712c", "quarter": "2015-Q2", "value": 42000, "region": "east" },
{ "_id": "5a01b26c5b8785791a7f712d", "quarter": "2015-Q2", "value": 40000, "region": "east" },
{ "_id": "5a01b26c5b8785791a7f712e", "quarter": "2015-Q2", "value": 45000, "region": "east" },
{ "_id": "5a01b26c5b8785791a7f712f", "quarter": "2015-Q2", "value": 40000, "region": "east" },
{ "_id": "5a01b26c5b8785791a7f7130", "quarter": "2015-Q2", "value": 42000, "region": "east" },
{ "_id": "5a01b26c5b8785791a7f7131", "quarter": "2015-Q2", "value": 53000, "region": "east" },
{ "_id": "5a01b26c5b8785791a7f7132", "quarter": "2015-Q2", "value": 55000, "region": "east" },
{ "_id": "5a01b26c5b8785791a7f7133", "quarter": "2015-Q2", "value": 17000, "region": "west" },
{ "_id": "5a01b26c5b8785791a7f7134", "quarter": "2015-Q2", "value": 15000, "region": "west" },
{ "_id": "5a01b26c5b8785791a7f7135", "quarter": "2015-Q2", "value": 12000, "region": "west" },
{ "_id": "5a01b26c5b8785791a7f7136", "quarter": "2015-Q2", "value": 15000, "region": "west" },
{ "_id": "5a01b26c5b8785791a7f7137", "quarter": "2015-Q2", "value": 23000, "region": "west" },
{ "_id": "5a01b26c5b8785791a7f7138", "quarter": "2015-Q2", "value": 12000, "region": "west" },
{ "_id": "5a01b26c5b8785791a7f7139", "quarter": "2015-Q2", "value": 13500, "region": "west" },
{ "_id": "5a01b26c5b8785791a7f713a", "quarter": "2015-Q1", "value": 25000, "region": "north" },
{ "_id": "5a01b26c5b8785791a7f713b", "quarter": "2015-Q1", "value": 30000, "region": "north" },
{ "_id": "5a01b26c5b8785791a7f713c", "quarter": "2015-Q1", "value": 35000, "region": "north" },
{ "_id": "5a01b26c5b8785791a7f713d", "quarter": "2015-Q1", "value": 30000, "region": "north" },
{ "_id": "5a01b26c5b8785791a7f713e", "quarter": "2015-Q1", "value": 32000, "region": "north" },
{ "_id": "5a01b26c5b8785791a7f713f", "quarter": "2015-Q1", "value": 43000, "region": "north" },
{ "_id": "5a01b26c5b8785791a7f7140", "quarter": "2015-Q1", "value": 45000, "region": "north" },
{ "_id": "5a01b26c5b8785791a7f7141", "quarter": "2015-Q1", "value": 27000, "region": "north" },
{ "_id": "5a01b26c5b8785791a7f7142", "quarter": "2015-Q1", "value": 15000, "region": "south" },
{ "_id": "5a01b26c5b8785791a7f7143", "quarter": "2015-Q1", "value": 17000, "region": "south" },
{ "_id": "5a01b26c5b8785791a7f7144", "quarter": "2015-Q1", "value": 12000, "region": "south" },
{ "_id": "5a01b26c5b8785791a7f7145", "quarter": "2015-Q1", "value": 18000, "region": "south" },
{ "_id": "5a01b26c5b8785791a7f7146", "quarter": "2015-Q1", "value": 15000, "region": "south" },
{ "_id": "5a01b26c5b8785791a7f7147", "quarter": "2015-Q1", "value": 17500, "region": "south" },
{ "_id": "5a01b26c5b8785791a7f7148", "quarter": "2015-Q2", "value": 35000, "region": "north" },
{ "_id": "5a01b26c5b8785791a7f7149", "quarter": "2015-Q2", "value": 40000, "region": "north" },
{ "_id": "5a01b26c5b8785791a7f714a", "quarter": "2015-Q2", "value": 45000, "region": "north" },
{ "_id": "5a01b26c5b8785791a7f714b", "quarter": "2015-Q2", "value": 40000, "region": "north" },
{ "_id": "5a01b26c5b8785791a7f714c", "quarter": "2015-Q2", "value": 42000, "region": "north" },
{ "_id": "5a01b26c5b8785791a7f714d", "quarter": "2015-Q2", "value": 53000, "region": "north" },
{ "_id": "5a01b26c5b8785791a7f714e", "quarter": "2015-Q2", "value": 45000, "region": "north" },
{ "_id": "5a01b26c5b8785791a7f714f", "quarter": "2015-Q2", "value": 27000, "region": "south" },
{ "_id": "5a01b26c5b8785791a7f7150", "quarter": "2015-Q2", "value": 20000, "region": "south" },
{ "_id": "5a01b26c5b8785791a7f7151", "quarter": "2015-Q2", "value": 22000, "region": "south" },
{ "_id": "5a01b26c5b8785791a7f7152", "quarter": "2015-Q2", "value": 25000, "region": "south" },
{ "_id": "5a01b26c5b8785791a7f7153", "quarter": "2015-Q2", "value": 35000, "region": "south" },
{ "_id": "5a01b26c5b8785791a7f7154", "quarter": "2015-Q2", "value": 32000, "region": "south" },
{ "_id": "5a01b26c5b8785791a7f7155", "quarter": "2015-Q2", "value": 25800, "region": "south" }
]
