[
{ "_id": "59f307d31f0d6766995d0c44", "field1": true, "field2": "parallel" },
{ "_id": "59f307d31f0d6766995d0c45", "field1": "true", "field2": "parallel" },
{ "_id": "59f307d31f0d6766995d0c46", "field2": false, "field3": 27.0 },
{ "_id": "59f307d31f0d6766995d0c47", "field2": "sequential", "field3": 39.0 },
{ "_id": "59f307d31f0d6766995d0c48", "field1": false, "field2": "sequential", "field3": false },
{ "_id": "59f307d31f0d6766995d0c49", "field1": null, "field2": null, "field3": true }
]
